symbol,name,exchange,series,isin,date_of_listing,face_value,sector,industry,active
20MICRONS,20 Microns Limited,NSE,EQ,INE144J01027,06-OCT-2008,5,Basic Materials,Other Industrial Metals & Mining,true
21STCENMGM,21st Century Management Services Limited,NSE,EQ,INE253B01015,03-MAY-1995,10,Financial Services,Capital Markets,true
360ONE,360 ONE WAM LIMITED,NSE,EQ,INE466L01038,19-SEP-2019,1,Financial Services,Asset Management,true
3BBLACKBIO,3B Blackbio Dx Limited,NSE,EQ,INE994E01018,20-APR-2026,10,Healthcare,Biotechnology,true
3IINFOLTD,3i Infotech Limited,NSE,BE,INE748C01038,22-OCT-2021,10,Technology,Information Technology Services,true
3MINDIA,3M India Limited,NSE,EQ,INE470A01017,13-AUG-2004,10,Industrials,Conglomerates,true
3PLAND,3P Land Holdings Limited,NSE,EQ,INE105C01023,19-JUL-1995,2,,,true
5PAISA,5Paisa Capital Limited,NSE,EQ,INE618L01018,16-NOV-2017,10,Financial Services,Capital Markets,true
63MOONS,63 moons technologies limited,NSE,EQ,INE111B01023,20-JUN-2005,2,Technology,Software - Application,true
A2ZINFRA,A2Z Infra Engineering Limited,NSE,EQ,INE619I01012,23-DEC-2010,10,Industrials,Engineering & Construction,true
AAATECH,AAA Technologies Limited,NSE,EQ,INE0D0U01013,28-NOV-2022,10,Technology,Information Technology Services,true
AADHARHFC,Aadhar Housing Finance Limited,NSE,EQ,INE883F01010,15-MAY-2024,10,Financial Services,Mortgage Finance,true
AAKASH,Aakash Exploration Services Limited,NSE,EQ,INE087Z01024,29-SEP-2020,1,Energy,Oil & Gas Equipment & Services,true
AAREYDRUGS,Aarey Drugs & Pharmaceuticals Limited,NSE,EQ,INE198H01019,06-AUG-2021,10,Healthcare,Drug Manufacturers - Specialty & Generic,true
AARNAV,Aarnav Fashions Limited,NSE,BE,INE750R01016,25-FEB-2026,10,,,true
AARON,Aaron Industries Limited,NSE,EQ,INE721Z01010,06-NOV-2020,10,Industrials,Specialty Industrial Machinery,true
AARTECH,Aartech Solonics Limited,NSE,BE,INE01C001026,10-JUL-2023,5,Industrials,Electrical Equipment & Parts,true
AARTIDRUGS,Aarti Drugs Limited,NSE,EQ,INE767A01016,19-SEP-2003,10,Healthcare,Drug Manufacturers - Specialty & Generic,true
AARTIIND,Aarti Industries Limited,NSE,EQ,INE769A01020,08-FEB-1995,5,Basic Materials,Specialty Chemicals,true
AARTIPHARM,Aarti Pharmalabs Limited,NSE,EQ,INE0LRU01027,30-JAN-2023,5,Healthcare,Drug Manufacturers - Specialty & Generic,true
AARTISURF,Aarti Surfactants Limited,NSE,BE,INE09EO01013,14-JUL-2020,10,Basic Materials,Specialty Chemicals,true
AARVI,Aarvi Encon Limited,NSE,EQ,INE754X01016,24-JUN-2020,10,Industrials,Staffing & Employment Services,true
AASTHA,Aastha Spintex Limited,NSE,EQ,INE2FMX01012,06-JUL-2026,10,Consumer Cyclical,Textile Manufacturing,true
AAVAS,Aavas Financiers Limited,NSE,EQ,INE216P01012,08-OCT-2018,10,Financial Services,Mortgage Finance,true
ABAN,Aban Offshore Limited,NSE,BE,INE421A01028,29-MAR-1995,2,Energy,Oil & Gas Drilling,true
ABANSENT,Abans Enterprises Limited,NSE,EQ,INE365O01028,20-APR-2026,2,Financial Services,Capital Markets,true
ABB,ABB India Limited,NSE,EQ,INE117A01022,08-FEB-1995,2,Industrials,Specialty Industrial Machinery,true
ABBOTINDIA,Abbott India Limited,NSE,EQ,INE358A01014,08-JAN-2010,10,Healthcare,Drug Manufacturers - Specialty & Generic,true
ABCAPITAL,Aditya Birla Capital Limited,NSE,EQ,INE674K01013,01-SEP-2017,10,Financial Services,Financial Conglomerates,true
ABCOTS,A B Cotspin India Limited,NSE,EQ,INE08PH01015,24-SEP-2025,10,Consumer Cyclical,Textile Manufacturing,true
ABDL,Allied Blenders and Distillers Limited,NSE,EQ,INE552Z01027,02-JUL-2024,2,Consumer Defensive,Beverages - Wineries & Distilleries,true
ABFRL,Aditya Birla Fashion and Retail Limited,NSE,EQ,INE647O01011,17-JUL-2013,10,Consumer Cyclical,Apparel Manufacturing,true
ABINFRA,A B Infrabuild Limited,NSE,BE,INE00YB01025,08-NOV-2024,1,Industrials,Engineering & Construction,true
ABLBL,Aditya Birla Lifestyle Brands Limited,NSE,EQ,INE14LE01019,23-JUN-2025,10,Consumer Cyclical,Apparel Retail,true
ABMINTLLTD,ABM International Limited,NSE,BE,INE251C01025,09-SEP-2021,10,Basic Materials,Specialty Chemicals,true
ABMKNO,ABM Knowledgeware Limited,NSE,EQ,INE850B01026,20-APR-2026,5,Technology,Software - Application,true
ABREL,Aditya Birla Real Estate Limited,NSE,EQ,INE055A01016,27-JUN-2003,10,Real Estate,Real Estate Services,true
ABSLAMC,Aditya Birla Sun Life AMC Limited,NSE,EQ,INE404A01024,11-OCT-2021,5,Financial Services,Asset Management,true
ACC,ACC Limited,NSE,EQ,INE012A01025,20-NOV-1996,10,Basic Materials,Building Materials,true
ACCELYA,Accelya Solutions India Limited,NSE,EQ,INE793A01012,01-DEC-1999,10,Technology,Information Technology Services,true
ACCURACY,Accuracy Shipping Limited,NSE,BE,INE648Z01023,11-DEC-2020,1,Industrials,Integrated Freight & Logistics,true
ACE,Action Construction Equipment Limited,NSE,EQ,INE731H01025,26-SEP-2006,2,Industrials,Farm & Heavy Construction Machinery,true
ACEINTEG,Ace Integrated Solutions Limited,NSE,EQ,INE543V01017,04-NOV-2022,10,Industrials,Staffing & Employment Services,true
ACGL,Automobile Corporation of Goa Limited,NSE,EQ,INE451C01013,17-AUG-2026,10,Consumer Cyclical,Auto Parts,true
ACI,Archean Chemical Industries Limited,NSE,EQ,INE128X01021,21-NOV-2022,2,Basic Materials,Chemicals,true
ACL,Andhra Cements Limited,NSE,EQ,INE666E01020,10-MAY-2023,10,Basic Materials,Building Materials,true
ACMESOLAR,Acme Solar Holdings Limited,NSE,EQ,INE622W01025,13-NOV-2024,2,Utilities,Utilities - Renewable,true
ACSTECH,ACS Technologies Limited,NSE,BE,INE366C01021,20-APR-2026,10,Technology,Information Technology Services,true
ACUTAAS,Acutaas Chemicals Limited,NSE,EQ,INE00FF01025,14-SEP-2021,5,Basic Materials,Specialty Chemicals,true
ADANIENSOL,Adani Energy Solutions Limited,NSE,EQ,INE931S01010,31-JUL-2015,10,Utilities,Utilities - Independent Power Producers,true
ADANIENT,Adani Enterprises Limited,NSE,EQ,INE423A01024,04-JUN-1997,1,Energy,Thermal Coal,true
ADANIGREEN,Adani Green Energy Limited,NSE,EQ,INE364U01010,18-JUN-2018,10,Utilities,Utilities - Renewable,true
ADANIPORTS,Adani Ports and Special Economic Zone Limited,NSE,EQ,INE742F01042,27-NOV-2007,2,Industrials,Marine Shipping,true
ADANIPOWER,Adani Power Limited,NSE,EQ,INE814H01029,20-AUG-2009,2,Utilities,Utilities - Independent Power Producers,true
ADDIND,Addi Industries Limited,NSE,EQ,INE757C01021,17-AUG-2026,5,Consumer Cyclical,Textile Manufacturing,true
ADFFOODS,ADF Foods Limited,NSE,EQ,INE982B01027,15-SEP-2010,2,Consumer Defensive,Packaged Foods,true
ADL,Archidply Decor Limited,NSE,EQ,INE0CHO01012,01-OCT-2020,10,Consumer Cyclical,"Furnishings, Fixtures & Appliances",true
ADOR,Ador Welding Limited,NSE,EQ,INE045A01017,10-MAY-1995,10,Industrials,Specialty Industrial Machinery,true
ADROITINFO,Adroit Infotech Limited,NSE,EQ,INE737B01033,13-AUG-1997,10,Technology,Information Technology Services,true
ADSL,Allied Digital Services Limited,NSE,EQ,INE102I01027,25-JUL-2007,5,Technology,Information Technology Services,true
ADVAIT,Advait Energy Transitions Limited,NSE,EQ,INE0ALI01010,20-JAN-2026,10,Industrials,Specialty Industrial Machinery,true
ADVANCE,Advance Agrolife Limited,NSE,EQ,INE1B0W01010,08-OCT-2025,10,Basic Materials,Agricultural Inputs,true
ADVANIHOTR,Advani Hotels & Resorts (India) Limited,NSE,EQ,INE199C01026,25-JUN-2007,2,Consumer Cyclical,Lodging,true
ADVENTHTL,Advent Hotels International Limited,NSE,EQ,INE28GN01010,13-NOV-2025,10,Consumer Cyclical,Lodging,true
ADVENZYMES,Advanced Enzyme Technologies Limited,NSE,EQ,INE837H01020,01-AUG-2016,2,Basic Materials,Specialty Chemicals,true
ADVIKCA,Advik Capital Limited,NSE,EQ,INE178T01024,17-AUG-2026,1,Financial Services,Credit Services,true
AEGISLOG,Aegis Logistics Limited,NSE,EQ,INE208C01025,03-APR-1996,1,Energy,Oil & Gas Refining & Marketing,true
AEGISVOPAK,Aegis Vopak Terminals Limited,NSE,EQ,INE0INX01018,02-JUN-2025,10,Energy,Oil & Gas Equipment & Services,true
AEPL,Artemis Electricals and Projects Limited,NSE,EQ,INE757T01025,12-MAR-2026,1,Industrials,Electrical Equipment & Parts,true
AEQUS,Aequs Limited,NSE,EQ,INE947N01017,10-DEC-2025,10,Industrials,Aerospace & Defense,true
AEROENTER,Aeroflex Enterprises Limited,NSE,EQ,INE065D01027,21-NOV-2022,2,Basic Materials,Steel,true
AEROFLEX,Aeroflex Industries Limited,NSE,EQ,INE024001021,31-AUG-2023,2,Industrials,Metal Fabrication,true
AERONEU,Aeroflex Neu Limited,NSE,EQ,INE035801013,12-JAN-2023,10,Consumer Cyclical,Packaging & Containers,true
AEROPLANE,Amir Chand Jagdish Kumar (Exports) Limited,NSE,EQ,INE05TO01019,02-APR-2026,10,Consumer Defensive,Farm Products,true
AETHER,Aether Industries Limited,NSE,EQ,INE0BWX01014,03-JUN-2022,10,Basic Materials,Specialty Chemicals,true
AFCONS,Afcons Infrastructure Limited,NSE,EQ,INE101I01011,04-NOV-2024,10,Industrials,Engineering & Construction,true
AFFLE,Affle 3i Limited,NSE,EQ,INE00WC01027,08-AUG-2019,2,Communication Services,Advertising Agencies,true
AFFORDABLE,Affordable Robotic & Automation Limited,NSE,BE,INE692Z01013,23-OCT-2024,10,Industrials,Specialty Industrial Machinery,true
AFIL,Akme Fintrade (India) Limited,NSE,EQ,INE916Y01027,26-JUN-2024,1,Financial Services,Credit Services,true
AFSL,Abans Financial Services Limited,NSE,EQ,INE00ZE01026,23-DEC-2022,2,Financial Services,Capital Markets,true
AGARIND,Agarwal Industrial Corporation Limited,NSE,EQ,INE204E01012,26-MAY-2014,10,Basic Materials,Specialty Chemicals,true
AGARWALEYE,Dr. Agarwal's Health Care Limited,NSE,EQ,INE943P01029,04-FEB-2025,1,Healthcare,Medical Instruments & Supplies,true
AGI,AGI Greenpac Limited,NSE,EQ,INE415A01038,31-MAY-2000,2,Consumer Cyclical,Packaging & Containers,true
AGIIL,Agi Infra Limited,NSE,EQ,INE976R01033,15-JUL-2024,1,Real Estate,Real Estate - Development,true
AGL,Allcargo Global Limited,NSE,EQ,INE1YPB01014,03-JUL-2026,2,Industrials,Integrated Freight & Logistics,true
AGRITECH,Agri-Tech (India) Limited,NSE,EQ,INE449G01018,28-JAN-2014,10,Consumer Defensive,Farm Products,true
AGROPHOS,Agro Phos India Limited,NSE,EQ,INE740V01019,08-MAR-2019,10,Basic Materials,Agricultural Inputs,true
AGSTRA,AGS Transact Technologies Limited,NSE,BZ,INE583L01014,31-JAN-2022,10,Technology,Software - Infrastructure,true
AHCL,Anlon Healthcare Limited,NSE,EQ,INE0Y8W01025,03-SEP-2025,2,Healthcare,Drug Manufacturers - Specialty & Generic,true
AHLADA,Ahlada Engineers Limited,NSE,EQ,INE00PV01013,28-JAN-2021,10,Industrials,Building Products & Equipment,true
AHLEAST,Asian Hotels (East) Limited,NSE,EQ,INE926K01017,11-AUG-2010,10,Consumer Cyclical,Lodging,true
AHLUCONT,Ahluwalia Contracts (India) Limited,NSE,EQ,INE758C01029,14-DEC-2009,2,Industrials,Engineering & Construction,true
AHLWEST,Asian Hotels (West) Limited,NSE,BE,INE915K01010,05-AUG-2010,10,Consumer Cyclical,Lodging,true
AIAENG,AIA Engineering Limited,NSE,EQ,INE212H01026,14-DEC-2005,2,Industrials,Specialty Industrial Machinery,true
AIIL,Authum Investment & Infrastructure Limited,NSE,EQ,INE206F01022,23-APR-2024,1,Financial Services,Capital Markets,true
AIRAN,Airan Limited,NSE,EQ,INE645W01026,03-MAY-2019,2,Technology,Information Technology Services,true
AIROLAM,Airo Lam limited,NSE,EQ,INE801L01010,13-OCT-2021,10,Consumer Cyclical,"Furnishings, Fixtures & Appliances",true
AJANTPHARM,Ajanta Pharma Limited,NSE,EQ,INE031B01049,29-MAY-2000,2,Healthcare,Drug Manufacturers - Specialty & Generic,true
AJAXENGG,Ajax Engineering Limited,NSE,EQ,INE274Y01021,17-FEB-2025,1,Industrials,Farm & Heavy Construction Machinery,true
AJMERA,Ajmera Realty & Infra India Limited,NSE,EQ,INE298G01035,16-JUN-2009,2,Real Estate,Real Estate - Development,true
AJOONI,Ajooni Biotech Limited,NSE,EQ,INE820Y01021,07-MAY-2021,2,Consumer Defensive,Packaged Foods,true
AKASH,Akash Infra-Projects Limited,NSE,EQ,INE737W01013,11-OCT-2019,10,Industrials,Engineering & Construction,true
AKCAPIT,AK Capital Services Limited,NSE,EQ,INE701G01012,20-APR-2026,10,Financial Services,Capital Markets,true
AKG,Akg Exim Limited,NSE,EQ,INE00Y801016,16-FEB-2021,10,Industrials,Industrial Distribution,true
AKI,AKI India Limited,NSE,EQ,INE642Z01026,06-APR-2023,2,Consumer Cyclical,Footwear & Accessories,true
AKSHAR,Akshar Spintex Limited,NSE,EQ,INE256Z01025,23-MAY-2022,1,Consumer Cyclical,Textile Manufacturing,true
AKSHARCHEM,AksharChem India Limited,NSE,BE,INE542B01011,28-MAR-2017,10,Basic Materials,Specialty Chemicals,true
AKSHOPTFBR,Aksh Optifibre Limited,NSE,BE,INE523B01011,18-AUG-2000,5,Technology,Communication Equipment,true
AKUMS,Akums Drugs and Pharmaceuticals Limited,NSE,EQ,INE09XN01023,06-AUG-2024,2,Healthcare,Drug Manufacturers - Specialty & Generic,true
ALANKIT,Alankit Limited,NSE,EQ,INE914E01040,30-JUN-2015,1,Technology,Information Technology Services,true
ALBERTDAVD,Albert David Limited,NSE,EQ,INE155C01010,14-JUN-2016,10,Healthcare,Drug Manufacturers - Specialty & Generic,true
ALEMBICLTD,Alembic Limited,NSE,EQ,INE426A01027,22-SEP-1999,2,Real Estate,Real Estate - Development,true
ALFREDHE,Alfred Herbert India Limited,NSE,EQ,INE782D01027,17-AUG-2026,10,Industrials,Specialty Industrial Machinery,true
ALGOQUANT,Algoquant Fintech Limited,NSE,EQ,INE598D01035,06-JAN-2026,1,Financial Services,Capital Markets,true
ALICON,Alicon Castalloy Limited,NSE,EQ,INE062D01024,29-SEP-2006,5,Industrials,Metal Fabrication,true
ALIVUS,Alivus Life Sciences Limited,NSE,EQ,INE03Q201024,06-AUG-2021,2,Healthcare,Drug Manufacturers - Specialty & Generic,true
ALKALI,Alkali Metals Limited,NSE,BE,INE773I01017,06-NOV-2008,10,Basic Materials,Specialty Chemicals,true
ALKEM,Alkem Laboratories Limited,NSE,EQ,INE540L01014,23-DEC-2015,2,Healthcare,Drug Manufacturers - Specialty & Generic,true
ALKYLAMINE,Alkyl Amines Chemicals Limited,NSE,EQ,INE150B01039,26-NOV-2007,2,Basic Materials,Specialty Chemicals,true
ALLCARGO,Allcargo Logistics Limited,NSE,EQ,INE418H01029,23-JUN-2006,2,Industrials,Integrated Freight & Logistics,true
ALLDIGI,Alldigi Tech Limited,NSE,EQ,INE835G01018,09-MAY-2005,10,Industrials,Specialty Business Services,true
ALLTIME,All Time Plastics Limited,NSE,EQ,INE0GV601021,14-AUG-2025,2,Consumer Defensive,Household & Personal Products,true
ALMONDZ,Almondz Global Securities Limited,NSE,EQ,INE326B01035,16-JUN-2008,1,Financial Services,Capital Markets,true
ALOKINDS,Alok Industries Limited,NSE,EQ,INE270A01029,19-FEB-2020,1,Consumer Cyclical,Textile Manufacturing,true
ALPA,Alpa Laboratories Limited,NSE,EQ,INE385I01010,06-AUG-2007,10,Healthcare,Drug Manufacturers - Specialty & Generic,true
ALPHAGEO,Alphageo (India) Limited,NSE,BE,INE137C01018,11-MAY-2007,10,Energy,Oil & Gas Equipment & Services,true
ALPINETEX,Alpine Texworld Limited,NSE,EQ,INE1JCQ01037,21-JUL-2026,10,Consumer Cyclical,Textile Manufacturing,true
ALUFLUOR,Alufluoride Limited,NSE,EQ,INE058F01019,17-AUG-2026,10,Basic Materials,Chemicals,true
AMAGI,Amagi Media Labs Limited,NSE,EQ,INE121R01077,21-JAN-2026,5,Technology,Software - Application,true
AMAL,Amal Limited,NSE,EQ,INE841D01013,17-AUG-2026,10,Basic Materials,Chemicals,true
AMANTA,Amanta Healthcare Limited,NSE,BE,INE084K01015,09-SEP-2025,10,Healthcare,Drug Manufacturers - Specialty & Generic,true
AMARJOTHI,Amarjothi Spinning Mills Limited,NSE,EQ,INE484D01012,17-AUG-2026,10,Consumer Cyclical,Textile Manufacturing,true
AMBALALSA,Ambalal Sarabhai Enterprises Limited,NSE,BE,INE432A01017,20-APR-2026,10,Healthcare,Drug Manufacturers - Specialty & Generic,true
AMBER,Amber Enterprises India Limited,NSE,EQ,INE371P01015,30-JAN-2018,10,Consumer Cyclical,"Furnishings, Fixtures & Appliances",true
AMBICAAGAR,Ambica Agarbathies & Aroma industries Limited,NSE,EQ,INE792B01012,29-JUN-2004,10,Consumer Defensive,Household & Personal Products,true
AMBIKCO,Ambika Cotton Mills Limited,NSE,EQ,INE540G01014,29-JAN-2008,10,Consumer Cyclical,Textile Manufacturing,true
AMBUJACEM,Ambuja Cements Limited,NSE,EQ,INE079A01024,18-FEB-1998,2,Basic Materials,Building Materials,true
AMDIND,AMD Industries Limited,NSE,EQ,INE005I01014,19-MAR-2007,10,Consumer Cyclical,Packaging & Containers,true
AMJLAND,Amj Land Holdings Limited,NSE,EQ,INE606A01024,08-FEB-1995,2,Real Estate,Real Estate - Development,true
AMNPLST,Amines & Plasticizers Limited,NSE,EQ,INE275D01022,10-NOV-2023,2,Basic Materials,Chemicals,true
AMRUTANJAN,Amrutanjan Health Care Limited,NSE,EQ,INE098F01031,02-JAN-2015,1,Healthcare,Drug Manufacturers - Specialty & Generic,true
ANANDRATHI,Anand Rathi Wealth Limited,NSE,EQ,INE463V01026,14-DEC-2021,5,Financial Services,Asset Management,true
ANANTRAJ,Anant Raj Limited,NSE,EQ,INE242C01024,27-SEP-2006,2,Real Estate,Real Estate - Development,true
ANDHRAPAP,ANDHRA PAPER LIMITED,NSE,EQ,INE435A01051,13-MAY-2004,2,Basic Materials,Paper & Paper Products,true
ANDHRSUGAR,The Andhra Sugars Limited,NSE,EQ,INE715B01021,01-NOV-1995,2,Basic Materials,Chemicals,true
ANDREWYU,Andrew Yule & Company Limited,NSE,EQ,INE449C01025,17-AUG-2026,2,Consumer Defensive,Farm Products,true
ANGELONE,Angel One Limited,NSE,EQ,INE732I01021,05-OCT-2020,1,Financial Services,Capital Markets,true
ANIKINDS,Anik Industries Limited,NSE,EQ,INE087B01017,21-MAY-2008,10,Consumer Defensive,Food Distribution,true
ANKITMETAL,Ankit Metal & Power Limited,NSE,BZ,INE106I01010,14-MAR-2013,10,Basic Materials,Steel,true
ANMOL,Anmol India Limited,NSE,EQ,INE02AR01019,04-JUN-2021,10,Energy,Thermal Coal,true
ANNAPURNA,Annapurna Swadisht Limited,NSE,EQ,INE0MGM01017,12-AUG-2026,10,Consumer Defensive,Packaged Foods,true
ANSALAPI,Ansal Properties & Infrastructure Limited,NSE,BZ,INE436A01026,27-JAN-2006,5,Real Estate,Real Estate - Development,true
ANSALBU,Ansal Buildwell Limited,NSE,EQ,INE030C01015,17-AUG-2026,10,Real Estate,Real Estate - Development,true
ANTELOPUS,Antelopus Selan Energy Limited,NSE,EQ,INE818A01017,26-SEP-2006,10,Energy,Oil & Gas E&P,true
ANTGRAPHIC,Antarctica Limited,NSE,EQ,INE414B01021,31-DEC-1997,1,Consumer Cyclical,Packaging & Containers,true
ANTHEM,Anthem Biosciences Limited,NSE,EQ,INE0CZ201020,21-JUL-2025,2,Healthcare,Biotechnology,true
ANUHPHR,Anuh Pharma Limited,NSE,EQ,INE489G01022,20-DEC-2024,5,Healthcare,Drug Manufacturers - Specialty & Generic,true
ANUP,The Anup Engineering Limited,NSE,EQ,INE294Z01018,01-MAR-2019,10,Industrials,Specialty Industrial Machinery,true
ANURAS,Anupam Rasayan India Limited,NSE,EQ,INE930P01018,24-MAR-2021,10,Basic Materials,Specialty Chemicals,true
APARINDS,Apar Industries Limited,NSE,EQ,INE372A01015,12-JUL-2004,10,Industrials,Electrical Equipment & Parts,true
APCL,Anjani Portland Cement Limited,NSE,EQ,INE071F01012,10-APR-2017,10,Basic Materials,Building Materials,true
APCOTEXIND,Apcotex Industries Limited,NSE,EQ,INE116A01032,06-SEP-1995,2,Basic Materials,Specialty Chemicals,true
APEX,Apex Frozen Foods Limited,NSE,EQ,INE346W01013,04-SEP-2017,10,Consumer Defensive,Farm Products,true
APLAPOLLO,APL Apollo Tubes Limited,NSE,EQ,INE702C01027,14-DEC-2011,2,Basic Materials,Steel,true
APLLTD,Alembic Pharmaceuticals Limited,NSE,EQ,INE901L01018,20-SEP-2011,2,Healthcare,Drug Manufacturers - Specialty & Generic,true
APOLLO,Apollo Micro Systems Limited,NSE,EQ,INE713T01028,22-JAN-2018,1,Industrials,Aerospace & Defense,true
APOLLOHOSP,Apollo Hospitals Enterprise Limited,NSE,EQ,INE437A01024,10-JAN-1996,5,Healthcare,Medical Care Facilities,true
APOLLOPIPE,Apollo Pipes Limited,NSE,EQ,INE126J01016,11-NOV-2019,10,Industrials,Building Products & Equipment,true
APOLLOTYRE,Apollo Tyres Limited,NSE,EQ,INE438A01022,31-MAY-1995,1,Consumer Cyclical,Auto Parts,true
APOLSINHOT,Apollo Sindoori Hotels Limited,NSE,EQ,INE451F01024,28-JAN-2015,5,Industrials,Specialty Business Services,true
APOORVA,Apoorva Leasing Finance and Investment Company Limited,NSE,EQ,INE217S01014,17-AUG-2026,10,Financial Services,Capital Markets,true
APTECHT,Aptech Limited,NSE,BE,INE266F01018,27-SEP-2002,10,Consumer Defensive,Education & Training Services,true
APTUS,Aptus Value Housing Finance India Limited,NSE,EQ,INE852O01025,24-AUG-2021,2,Financial Services,Mortgage Finance,true
AQYLON,Aqylon Nexus Limited,NSE,EQ,INE416A01051,01-APR-2024,1,Communication Services,Broadcasting,true
ARCHIDPLY,Archidply Industries Limited,NSE,EQ,INE877I01016,04-JUL-2008,10,Basic Materials,Lumber & Wood Production,true
ARCHIES,Archies Limited,NSE,EQ,INE731A01020,02-SEP-1998,2,Consumer Cyclical,Specialty Retail,true
ARCL,ARCL Organics Limited,NSE,EQ,INE372M01010,17-AUG-2026,10,Basic Materials,Specialty Chemicals,true
ARDEE,Ardee Industries Limited,NSE,EQ,INE0XNF01022,12-AUG-2026,2,Industrials,Metal Fabrication,true
ARE&M,Amara Raja Energy & Mobility Limited,NSE,EQ,INE885A01032,05-SEP-2003,1,Industrials,Electrical Equipment & Parts,true
ARENTERP,Rajdarshan Industries Limited,NSE,EQ,INE610C01014,18-OCT-1995,10,Basic Materials,Other Industrial Metals & Mining,true
ARFIN,Arfin India Limited,NSE,EQ,INE784R01023,22-JUL-2025,1,Basic Materials,Aluminum,true
ARIES,Aries Agro Limited,NSE,EQ,INE298I01015,11-JAN-2008,10,Basic Materials,Agricultural Inputs,true
ARIHANT,Arihant Foundations & Housing Limited,NSE,EQ,INE413D01011,20-APR-2026,10,Real Estate,Real Estate - Development,true
ARIHANTCAP,Arihant Capital Markets Limited,NSE,EQ,INE420B01036,15-JUN-2021,1,Financial Services,Capital Markets,true
ARIHANTSUP,Arihant Superstructures Limited,NSE,EQ,INE643K01018,28-MAR-2017,10,Real Estate,Real Estate - Development,true
ARIS,Arisinfra Solutions Limited,NSE,EQ,INE0H9P01028,25-JUN-2025,2,Industrials,Engineering & Construction,true
ARKADE,Arkade Developers Limited,NSE,EQ,INE0QRL01017,24-SEP-2024,10,Real Estate,Real Estate - Development,true
ARMANFIN,Arman Financial Services Limited,NSE,EQ,INE109C01017,14-JUN-2016,10,Financial Services,Credit Services,true
AROGRANITE,Aro Granite Industries Limited,NSE,EQ,INE210C01013,24-APR-2007,10,Industrials,Building Products & Equipment,true
ARROWGREEN,Arrow Greentech Limited,NSE,BE,INE570D01018,21-MAY-2015,10,Consumer Cyclical,Packaging & Containers,true
ARSHIYA,Arshiya Limited,NSE,BZ,INE968D01022,14-DEC-2009,2,Industrials,Integrated Freight & Logistics,true
ARSSBL,Anand Rathi Share and Stock Brokers Limited,NSE,EQ,INE549H01021,30-SEP-2025,5,Financial Services,Financial Conglomerates,true
ARTEMISMED,Artemis Medicare Services Limited,NSE,EQ,INE025R01021,23-JAN-2020,1,,,true
ARTNIRMAN,Art Nirman Limited,NSE,EQ,INE738V01013,18-OCT-2021,10,Real Estate,Real Estate - Development,true
ARVEE,Arvee Laboratories (India) Limited,NSE,EQ,INE006Z01016,22-MAR-2021,10,Basic Materials,Specialty Chemicals,true
ARVIND,Arvind Limited,NSE,EQ,INE034A01011,08-FEB-1995,10,Consumer Cyclical,Textile Manufacturing,true
ARVINDFASN,Arvind Fashions Limited,NSE,EQ,INE955V01021,08-MAR-2019,4,Consumer Cyclical,Apparel Retail,true
ARVSMART,Arvind SmartSpaces Limited,NSE,EQ,INE034S01021,26-AUG-2015,10,Real Estate,Real Estate - Development,true
ARYAMAN,Aryaman Financial Services Limited,NSE,EQ,INE032E01017,17-AUG-2026,10,Financial Services,Capital Markets,true
ASAHIINDIA,Asahi India Glass Limited,NSE,EQ,INE439A01020,18-MAR-1998,1,Consumer Cyclical,Auto Parts,true
ASAHISONG,Asahi Songwon Colors Limited,NSE,BE,INE228I01012,29-AUG-2011,10,Basic Materials,Specialty Chemicals,true
ASAL,Automotive Stampings and Assemblies Limited,NSE,EQ,INE900C01027,12-MAR-2002,10,Consumer Cyclical,Auto Parts,true
ASALCBR,Associated Alcohols & Breweries Ltd.,NSE,EQ,INE073G01016,12-FEB-2020,10,Consumer Defensive,Beverages - Wineries & Distilleries,true
ASHAPURMIN,Ashapura Minechem Limited,NSE,EQ,INE348A01023,20-SEP-1995,2,Basic Materials,Other Industrial Metals & Mining,true
ASHIANA,Ashiana Housing Limited,NSE,EQ,INE365D01021,29-JUN-2011,2,Real Estate,Real Estate - Development,true
ASHIKAG,Ashika Global Securities Limited,NSE,BE,INE094B01013,20-APR-2026,10,Financial Services,Credit Services,true
ASHIMASYN,Ashima Limited,NSE,EQ,INE440A01010,27-JUL-1995,10,Real Estate,Real Estate - Development,true
ASHOKA,Ashoka Buildcon Limited,NSE,EQ,INE442H01029,14-OCT-2010,5,Industrials,Engineering & Construction,true
ASHOKAMET,Ashoka Metcast Limited,NSE,EQ,INE760Y01011,27-JUN-2023,10,Basic Materials,Steel,true
ASHOKLEY,Ashok Leyland Limited,NSE,EQ,INE208A01029,25-MAY-1995,1,Industrials,Farm & Heavy Construction Machinery,true
ASIANENE,Asian Energy Services Limited,NSE,EQ,INE276G01015,09-DEC-2021,10,Energy,Oil & Gas Equipment & Services,true
ASIANHOTNR,Asian Hotels (North) Limited,NSE,EQ,INE363A01022,07-APR-2010,10,Consumer Cyclical,Lodging,true
ASIANPAINT,Asian Paints Limited,NSE,EQ,INE021A01026,31-MAY-1995,1,Basic Materials,Specialty Chemicals,true
ASIANTILES,Asian Granito India Limited,NSE,EQ,INE022I01019,23-AUG-2007,10,Industrials,Building Products & Equipment,true
ASIANTNE,Asian Tea & Exports Limited,NSE,EQ,INE822B01017,17-AUG-2026,10,Consumer Defensive,Food Distribution,true
ASKAUTOLTD,ASK Automotive Limited,NSE,EQ,INE491J01022,15-NOV-2023,2,Consumer Cyclical,Auto Parts,true
ASMS,Avio Smart Market Stack Limited,NSE,BE,INE855F01042,09-FEB-2023,1,Technology,Information Technology Services,true
ASPINWALL,Aspinwall and Company Limited,NSE,EQ,INE991I01015,14-JUN-2016,10,Consumer Defensive,Farm Products,true
ASSAMENT,Assam Entrade Limited,NSE,EQ,INE165G01010,17-AUG-2026,10,Financial Services,Capital Markets,true
ASTAR,Asian Star Company Limited,NSE,EQ,INE194D01017,20-APR-2026,10,,,true
ASTEC,Astec LifeSciences Limited,NSE,EQ,INE563J01010,25-NOV-2009,10,Basic Materials,Agricultural Inputs,true
ASTERDM,Aster DM Quality Care Limited,NSE,EQ,INE914M01019,26-FEB-2018,10,Healthcare,Medical Care Facilities,true
ASTRAL,Astral Limited,NSE,EQ,INE006I01046,20-MAR-2007,1,Industrials,Building Products & Equipment,true
ASTRAMICRO,Astra Microwave Products Limited,NSE,EQ,INE386C01029,01-NOV-2004,2,Technology,Communication Equipment,true
ASTRAZEN,AstraZeneca Pharma India Limited,NSE,EQ,INE203A01020,04-MAY-2001,2,Healthcare,Drug Manufacturers - Specialty & Generic,true
ASTRON,Astron Paper & Board Mill Limited,NSE,BZ,INE646X01014,29-DEC-2017,10,Basic Materials,Paper & Paper Products,true
ATALREAL,Atal Realtech Limited,NSE,EQ,INE0ALR01029,12-MAY-2023,2,Industrials,Engineering & Construction,true
ATAM,Atam Valves Limited,NSE,EQ,INE09KD01013,10-MAY-2023,10,Industrials,Specialty Industrial Machinery,true
ATGL,Adani Total Gas Limited,NSE,EQ,INE399L01023,05-NOV-2018,1,Utilities,Utilities - Regulated Gas,true
ATHERENERG,Ather Energy Limited,NSE,EQ,INE0LEZ01016,06-MAY-2025,1,Consumer Cyclical,Auto Manufacturers,true
ATL,Allcargo Terminals Limited,NSE,EQ,INE0NN701020,10-AUG-2023,2,Industrials,Integrated Freight & Logistics,true
ATLANTAA,ATLANTAA LIMITED,NSE,EQ,INE285H01022,25-SEP-2006,2,Industrials,Infrastructure Operations,true
ATLANTAELE,Atlanta Electricals Limited,NSE,EQ,INE0Z4F01028,29-SEP-2025,2,Industrials,Electrical Equipment & Parts,true
ATLASCYCLE,Atlas Cycles (Haryana) Limited,NSE,EQ,INE446A01025,23-OCT-1996,5,Consumer Cyclical,Leisure,true
ATUL,Atul Limited,NSE,EQ,INE100A01010,06-MAY-1998,10,Basic Materials,Specialty Chemicals,true
ATULAUTO,Atul Auto Limited,NSE,EQ,INE951D01028,26-JUN-2013,5,Consumer Cyclical,Auto Manufacturers,true
AUBANK,AU Small Finance Bank Limited,NSE,EQ,INE949L01017,10-JUL-2017,10,Financial Services,Banks - Regional,true
AURIONPRO,Aurionpro Solutions Limited,NSE,EQ,INE132H01018,25-OCT-2005,10,Technology,Software - Application,true
AUROPHARMA,Aurobindo Pharma Limited,NSE,EQ,INE406A01037,19-JUL-2000,1,Healthcare,Drug Manufacturers - Specialty & Generic,true
AURUM,Aurum PropTech Limited,NSE,EQ,INE898S01029,19-AUG-2015,5,Real Estate,Real Estate Services,true
AURUS,AURUS GEM CORPORATION LIMITED,NSE,EQ,INE142K01011,05-NOV-2013,10,Consumer Cyclical,Luxury Goods,true
AUSOMENT,Ausom Enterprise Limited,NSE,EQ,INE218C01016,17-APR-1996,10,Financial Services,Capital Markets,true
AUSTENG,Austin Engineering Company  Limited,NSE,EQ,INE759F01012,17-AUG-2026,10,,,true
AUTOAXLES,Automotive Axles Limited,NSE,EQ,INE449A01011,29-MAY-2003,10,Consumer Cyclical,Auto Parts,true
AUTOIND,Autoline Industries Limited,NSE,EQ,INE718H01014,31-JAN-2007,10,Consumer Cyclical,Auto Parts,true
AVADHSUGAR,Avadh Sugar & Energy Limited,NSE,EQ,INE349W01017,28-JUL-2017,10,Consumer Defensive,Confectioners,true
AVALON,Avalon Technologies Limited,NSE,EQ,INE0LCL01028,18-APR-2023,2,Technology,Electronic Components,true
AVANCE,Avance Technologies Limited,NSE,EQ,INE758A01072,17-AUG-2026,1,Technology,Information Technology Services,true
AVANTEL,Avantel Limited,NSE,EQ,INE005B01027,31-JUL-2024,2,Technology,Communication Equipment,true
AVANTIFEED,Avanti Feeds Limited,NSE,EQ,INE871C01038,15-APR-2015,1,Consumer Defensive,Packaged Foods,true
AVG,AVG Logistics Limited,NSE,BE,INE680Z01018,12-MAY-2023,10,Industrials,Integrated Freight & Logistics,true
AVL,Aditya Vision Limited,NSE,EQ,INE679V01027,06-NOV-2024,1,Consumer Cyclical,Specialty Retail,true
AVONMORE,Avonmore Capital & Management Services Limited,NSE,EQ,INE323B01024,04-JAN-2023,1,Financial Services,Capital Markets,true
AVROIND,AVRO INDIA LIMITED,NSE,EQ,INE652Z01025,07-APR-2022,1,Consumer Cyclical,"Furnishings, Fixtures & Appliances",true
AVTNPL,AVT Natural Products Limited,NSE,EQ,INE488D01021,10-JAN-2007,1,Basic Materials,Specialty Chemicals,true
AWFIS,Awfis Space Solutions Limited,NSE,EQ,INE108V01019,30-MAY-2024,10,Industrials,Rental & Leasing Services,true
AWHCL,Antony Waste Handling Cell Limited,NSE,EQ,INE01BK01022,01-JAN-2021,5,Industrials,Waste Management,true
AWL,AWL Agri Business Limited,NSE,EQ,INE699H01024,08-FEB-2022,1,Consumer Defensive,Packaged Foods,true
AXISBANK,Axis Bank Limited,NSE,EQ,INE238A01034,16-NOV-1998,2,Financial Services,Banks - Regional,true
AXISCADES,AXISCADES Technologies Limited,NSE,EQ,INE555B01013,21-DEC-2000,5,Industrials,Engineering & Construction,true
AXITA,Axita Cotton Limited,NSE,EQ,INE02EZ01022,21-JUN-2022,1,Consumer Cyclical,Textile Manufacturing,true
AXTEL,Axtel Industries Limited,NSE,EQ,INE767C01012,17-AUG-2026,10,Industrials,Specialty Industrial Machinery,true
AYE,Aye Finance Limited,NSE,EQ,INE501X01029,16-FEB-2026,2,Financial Services,Credit Services,true
AYMSYNTEX,AYM Syntex Limited,NSE,EQ,INE193B01039,14-AUG-2015,10,Consumer Cyclical,Textile Manufacturing,true
AZAD,Azad Engineering Limited,NSE,EQ,INE02IJ01035,28-DEC-2023,2,Industrials,Specialty Industrial Machinery,true
AZADIND,Azad India Mobility Limited,NSE,EQ,INE566M01017,17-AUG-2026,10,Basic Materials,Steel,true
BAFNAPH,Bafna Pharmaceuticals Limited,NSE,BE,INE878I01022,27-FEB-2020,10,Healthcare,Drug Manufacturers - Specialty & Generic,true
BAGFILMS,B.A.G Films and Media Limited,NSE,EQ,INE116D01028,17-OCT-2003,2,Communication Services,Broadcasting,true
BAIDFIN,Baid Finserv Limited,NSE,EQ,INE020D01022,20-JAN-2023,2,Financial Services,Credit Services,true
BAJAJ-AUTO,Bajaj Auto Limited,NSE,EQ,INE917I01010,26-MAY-2008,10,Consumer Cyclical,Auto Manufacturers,true
BAJAJCON,Bajaj Consumer Care Limited,NSE,EQ,INE933K01021,18-AUG-2010,1,Consumer Defensive,Household & Personal Products,true
BAJAJELEC,Bajaj Electricals Limited,NSE,EQ,INE193E01025,02-NOV-2007,2,Consumer Cyclical,"Furnishings, Fixtures & Appliances",true
BAJAJFINSV,Bajaj Finserv Limited,NSE,EQ,INE918I01026,26-MAY-2008,1,Financial Services,Financial Conglomerates,true
BAJAJHCARE,Bajaj Healthcare Limited,NSE,EQ,INE411U01027,25-NOV-2021,5,Healthcare,Drug Manufacturers - Specialty & Generic,true
BAJAJHFL,Bajaj Housing Finance Limited,NSE,EQ,INE377Y01014,16-SEP-2024,10,Financial Services,Mortgage Finance,true
BAJAJHIND,Bajaj Hindusthan Sugar Limited,NSE,EQ,INE306A01021,10-MAY-1995,1,Consumer Defensive,Confectioners,true
BAJAJHLDNG,Bajaj Holdings & Investment Limited,NSE,EQ,INE118A01012,15-MAR-1995,10,Financial Services,Asset Management,true
BAJAJINDEF,Indef Manufacturing Limited,NSE,EQ,INE0O9T01021,21-FEB-2025,1,Industrials,Farm & Heavy Construction Machinery,true
BAJAJST,Bajaj Steel Industries Limited,NSE,EQ,INE704G01024,20-APR-2026,5,Industrials,Specialty Industrial Machinery,true
BAJEL,Bajel Projects Limited,NSE,EQ,INE0KQN01018,19-DEC-2023,2,Utilities,Utilities - Regulated Electric,true
BAJFINANCE,Bajaj Finance Limited,NSE,EQ,INE296A01032,01-APR-2003,1,Financial Services,Credit Services,true
BALAJEE,Shree Tirupati Balajee Agro Trading Company Limited,NSE,EQ,INE0S2G01011,12-SEP-2024,10,Consumer Cyclical,Packaging & Containers,true
BALAJITELE,Balaji Telefilms Limited,NSE,EQ,INE794B01026,22-NOV-2000,2,Communication Services,Entertainment,true
BALAMINES,Balaji Amines Limited,NSE,EQ,INE050E01027,05-APR-2007,2,Basic Materials,Specialty Chemicals,true
BALAXI,BALAXI PHARMACEUTICALS LIMITED,NSE,EQ,INE618N01022,30-NOV-2015,2,Healthcare,Drug Manufacturers - Specialty & Generic,true
BALKRISHNA,Balkrishna Paper Mills Limited,NSE,EQ,INE875R01011,28-JUL-2015,10,Consumer Cyclical,Packaging & Containers,true
BALKRISIND,Balkrishna Industries Limited,NSE,EQ,INE787D01026,27-JAN-2006,2,Consumer Cyclical,Auto Parts,true
BALMLAWRIE,Balmer Lawrie & Company Limited,NSE,EQ,INE164A01016,06-JUL-1995,10,Industrials,Conglomerates,true
BALPHARMA,Bal Pharma Limited,NSE,EQ,INE083D01012,08-MAY-2006,10,Healthcare,Drug Manufacturers - Specialty & Generic,true
BALRAMCHIN,Balrampur Chini Mills Limited,NSE,EQ,INE119A01028,08-FEB-1995,1,Consumer Defensive,Confectioners,true
BALUFORGE,Balu Forge Industries Limited,NSE,EQ,INE011E01029,29-APR-2024,10,Industrials,Metal Fabrication,true
BANARBEADS,Banaras Beads Limited,NSE,EQ,INE655B01011,07-JUL-1995,10,Consumer Cyclical,Footwear & Accessories,true
BANARISUG,Bannari Amman Sugars Limited,NSE,EQ,INE459A01010,28-MAY-2003,10,Consumer Defensive,Confectioners,true
BANCOINDIA,Banco Products (I) Limited,NSE,EQ,INE213C01025,22-DEC-2006,2,Consumer Cyclical,Auto Parts,true
BANDHANBNK,Bandhan Bank Limited,NSE,EQ,INE545U01014,27-MAR-2018,10,Financial Services,Banks - Regional,true
BANG,Bang Overseas Limited,NSE,EQ,INE863I01016,20-FEB-2008,10,Consumer Cyclical,Apparel Manufacturing,true
BANKA,Banka BioLoo Limited,NSE,EQ,INE862Y01015,29-OCT-2020,10,Industrials,Pollution & Treatment Controls,true
BANKBARODA,Bank of Baroda,NSE,EQ,INE028A01039,19-FEB-1997,2,Financial Services,Banks - Regional,true
BANKINDIA,Bank of India,NSE,EQ,INE084A01016,30-APR-1997,10,Financial Services,Banks - Regional,true
BANSALWIRE,Bansal Wire Industries Limited,NSE,EQ,INE0B9K01025,10-JUL-2024,5,Basic Materials,Steel,true
BANSWRAS,Banswara Syntex Limited,NSE,EQ,INE629D01020,11-APR-2007,5,Consumer Cyclical,Textile Manufacturing,true
BASF,BASF India Limited,NSE,EQ,INE373A01013,17-MAY-1995,10,Basic Materials,Specialty Chemicals,true
BASML,Bannari Amman Spinning Mills Limited,NSE,BE,INE186H01022,14-NOV-2005,5,Consumer Cyclical,Textile Manufacturing,true
BATAINDIA,Bata India Limited,NSE,EQ,INE176A01028,18-JUN-2003,5,Consumer Cyclical,Footwear & Accessories,true
BATLIBOI,Batliboi Limited,NSE,EQ,INE177C01022,20-APR-2026,5,Industrials,Specialty Industrial Machinery,true
BAYERCROP,Bayer Cropscience Limited,NSE,EQ,INE462A01022,08-JAN-2010,10,Basic Materials,Agricultural Inputs,true
BBL,Bharat Bijlee Limited,NSE,EQ,INE464A01036,21-NOV-2006,5,Industrials,Electrical Equipment & Parts,true
BBOX,Black Box Limited,NSE,EQ,INE676A01027,22-JUL-2003,2,Technology,Software - Application,true
BBTC,The Bombay Burmah Trading Corporation Limited,NSE,EQ,INE050A01025,03-APR-1996,2,Consumer Defensive,Packaged Foods,true
BBTCL,B&B Triplewall Containers Limited,NSE,EQ,INE01EE01011,23-NOV-2022,10,Consumer Cyclical,Packaging & Containers,true
BCG,Brightcom Group Limited,NSE,EQ,INE425B01027,08-MAY-2015,2,Communication Services,Advertising Agencies,true
BCLIND,Bcl Industries Limited,NSE,EQ,INE412G01024,04-MAR-2021,1,Consumer Defensive,Beverages - Wineries & Distilleries,true
BCONCEPTS,Brand Concepts Limited,NSE,EQ,INE977Y01011,11-JAN-2022,10,Consumer Cyclical,Footwear & Accessories,true
BCPL,BCPL Railway Infrastructure Limited,NSE,EQ,INE00SW01015,27-MAR-2026,10,Industrials,Infrastructure Operations,true
BDL,Bharat Dynamics Limited,NSE,EQ,INE171Z01026,23-MAR-2018,5,Industrials,Aerospace & Defense,true
BEARDSELL,Beardsell Limited,NSE,EQ,INE520H01022,13-JAN-2015,2,Industrials,Building Products & Equipment,true
BECTORFOOD,Mrs. Bectors Food Specialities Limited,NSE,EQ,INE495P01020,24-DEC-2020,2,Consumer Defensive,Packaged Foods,true
BEDMUTHA,Bedmutha Industries Limited,NSE,EQ,INE844K01012,14-OCT-2010,10,Basic Materials,Steel,true
BEEKAY,Beekay Steel Industries Limited,NSE,EQ,INE213D01015,20-APR-2026,10,Basic Materials,Steel,true
BEL,Bharat Electronics Limited,NSE,EQ,INE263A01024,19-JUL-2000,1,Industrials,Aerospace & Defense,true
BELLACASA,Bella Casa Fashion & Retail Limited,NSE,EQ,INE344T01014,18-JUL-2025,10,Consumer Cyclical,Textile Manufacturing,true
BELRISE,Belrise Industries Limited,NSE,EQ,INE894V01022,28-MAY-2025,5,Consumer Cyclical,Auto Parts,true
BEML,BEML Limited,NSE,EQ,INE258A01024,05-NOV-2003,5,Industrials,Conglomerates,true
BENARAS,Benares Hotels Limited,NSE,EQ,INE664D01019,17-AUG-2026,10,Consumer Cyclical,Lodging,true
BENGALASM,Bengal & Assam Company Limited,NSE,EQ,INE083K01017,20-APR-2026,10,Consumer Cyclical,Auto Parts,true
BEPL,Bhansali Engineering Polymers Limited,NSE,EQ,INE922A01025,21-MAR-2005,1,Basic Materials,Chemicals,true
BERGEPAINT,Berger Paints (I) Limited,NSE,EQ,INE463A01038,24-NOV-1999,1,Basic Materials,Specialty Chemicals,true
BESTAGRO,Best Agrolife Limited,NSE,EQ,INE052T01021,10-APR-2024,1,Basic Materials,Agricultural Inputs,true
BETA,Beta Drugs Limited,NSE,EQ,INE351Y01019,24-NOV-2025,10,Healthcare,Drug Manufacturers - Specialty & Generic,true
BFINVEST,BF Investment Limited,NSE,EQ,INE878K01010,14-JAN-2011,5,Financial Services,Asset Management,true
BFUTILITIE,BF Utilities Limited,NSE,EQ,INE243D01012,03-MAY-2007,5,Industrials,Infrastructure Operations,true
BGRENERGY,BGR Energy Systems Limited,NSE,BE,INE661I01014,03-JAN-2008,10,Industrials,Engineering & Construction,true
BHAGCHEM,Bhagiradha Chemicals & Industries Limited,NSE,EQ,INE414D01027,18-OCT-2021,1,Basic Materials,Agricultural Inputs,true
BHAGERIA,Bhageria Industries Limited,NSE,BE,INE354C01027,02-MAR-2016,5,Basic Materials,Specialty Chemicals,true
BHAGYANGR,Bhagyanagar India Limited,NSE,EQ,INE458B01036,17-MAY-2017,2,Basic Materials,Copper,true
BHANDARI,Bhandari Hosiery Exports Limited,NSE,EQ,INE474E01029,30-JAN-2017,1,Consumer Cyclical,Apparel Manufacturing,true
BHARATCOAL,Bharat Coking Coal Limited,NSE,EQ,INE05XR01022,19-JAN-2026,10,Basic Materials,Coking Coal,true
BHARATFORG,Bharat Forge Limited,NSE,EQ,INE465A01025,04-APR-2003,2,Consumer Cyclical,Auto Parts,true
BHARATGEAR,Bharat Gears Limited,NSE,BE,INE561C01019,03-APR-1996,10,Consumer Cyclical,Auto Parts,true
BHARATRAS,Bharat Rasayan Limited,NSE,EQ,INE838B01021,11-OCT-1995,5,Basic Materials,Agricultural Inputs,true
BHARATSE,Bharat Seats Limited,NSE,EQ,INE415D01024,24-MAR-2025,2,Consumer Cyclical,Auto Parts,true
BHARATWIRE,Bharat Wire Ropes Limited,NSE,EQ,INE316L01019,01-APR-2016,10,Basic Materials,Steel,true
BHARTIARTL,Bharti Airtel Limited,NSE,EQ,INE397D01024,15-FEB-2002,5,Communication Services,Telecom Services,true
BHARTIHEXA,Bharti Hexacom Limited,NSE,EQ,INE343G01021,12-APR-2024,5,Communication Services,Telecom Services,true
BHEL,Bharat Heavy Electricals Limited,NSE,EQ,INE257A01026,11-NOV-2003,2,Industrials,Specialty Industrial Machinery,true
BI,Bilcare Limited,NSE,BE,INE986A01012,20-APR-2026,10,Consumer Cyclical,Packaging & Containers,true
BIGBLOC,Bigbloc Construction Limited,NSE,EQ,INE412U01025,02-SEP-2016,2,Industrials,Building Products & Equipment,true
BIKAJI,Bikaji Foods International Limited,NSE,EQ,INE00E101023,16-NOV-2022,1,Consumer Defensive,Packaged Foods,true
BIL,Bhartiya International Limited,NSE,EQ,INE828A01016,12-APR-2000,10,Consumer Cyclical,Footwear & Accessories,true
BILVYAPAR,BIL VYAPAR LIMITED,NSE,BE,INE071A01013,27-SEP-2006,10,Basic Materials,Specialty Chemicals,true
BIMETAL,Bimetal Bearings Limited,NSE,EQ,INE469A01019,20-APR-2026,10,Consumer Cyclical,Auto Parts,true
BIOCON,Biocon Limited,NSE,EQ,INE376G01013,07-APR-2004,5,Healthcare,Biotechnology,true
BIOFILCHEM,Biofil Chemicals & Pharmaceuticals Limited,NSE,EQ,INE829A01014,12-JUN-1996,10,Healthcare,Drug Manufacturers - Specialty & Generic,true
BIRLACABLE,Birla Cable Limited,NSE,BE,INE800A01015,06-DEC-1995,10,Technology,Communication Equipment,true
BIRLACORPN,Birla Corporation Limited,NSE,EQ,INE340A01012,12-APR-1995,10,Basic Materials,Building Materials,true
BIRLAMONEY,Aditya Birla Money Limited,NSE,EQ,INE865C01022,07-FEB-2008,1,Financial Services,Capital Markets,true
BIRLANU,BirlaNu Limited,NSE,EQ,INE557A01011,26-APR-1995,10,Industrials,Building Products & Equipment,true
BIRLAPREC,Birla Precision Technologies Limited,NSE,EQ,INE372E01025,20-APR-2026,2,Industrials,Tools & Accessories,true
BLACKBUCK,BLACKBUCK LIMITED,NSE,EQ,INE0UIZ01018,22-NOV-2024,1,Technology,Software - Application,true
BLACKROSE,Black Rose Inds. Limited,NSE,BE,INE761G01016,20-APR-2026,1,Basic Materials,Specialty Chemicals,true
BLAL,BEML Land Assets Limited,NSE,EQ,INE0N7W01012,19-APR-2023,10,Financial Services,Shell Companies,true
BLBLIMITED,BLB Limited,NSE,EQ,INE791A01024,31-MAY-2000,1,Financial Services,Capital Markets,true
BLEL,Behari Lal Engineering Limited,NSE,EQ,INE1EEM01017,19-AUG-2026,10,Basic Materials,Steel,true
BLIL,Balmer Lawrie Investments Limited,NSE,EQ,INE525F01025,20-APR-2026,1,Industrials,Conglomerates,true
BLISSGVS,Bliss GVS Pharma Limited,NSE,BE,INE416D01022,26-JUL-2010,1,Healthcare,Drug Manufacturers - Specialty & Generic,true
BLKASHYAP,B. L. Kashyap and Sons Limited,NSE,EQ,INE350H01032,17-MAR-2006,1,Industrials,Engineering & Construction,true
BLS,BLS International Services Limited,NSE,EQ,INE153T01027,14-JUN-2016,1,Industrials,Specialty Business Services,true
BLSE,BLS E-Services Limited,NSE,EQ,INE0NLT01010,06-FEB-2024,10,Industrials,Specialty Business Services,true
BLUECHIP,Blue Chip India Limited,NSE,EQ,INE657B01025,12-MAR-1997,2,Financial Services,Capital Markets,true
BLUECLOUDS,Blue Cloud Softech Solutions Limited,NSE,EQ,INE373T01047,17-AUG-2026,1,Technology,Information Technology Services,true
BLUECOAST,Blue Coast Hotels Limited,NSE,BE,INE472B01011,16-FEB-2000,10,Consumer Cyclical,Lodging,true
BLUEDART,Blue Dart Express Limited,NSE,EQ,INE233B01017,12-DEC-2002,10,Industrials,Integrated Freight & Logistics,true
BLUEJET,Blue Jet Healthcare Limited,NSE,EQ,INE0KBH01020,01-NOV-2023,2,Healthcare,Biotechnology,true
BLUESTARCO,Blue Star Limited,NSE,EQ,INE472A01039,15-JUN-2000,2,Industrials,Building Products & Equipment,true
BLUESTONE,BlueStone Jewellery and Lifestyle Limited,NSE,EQ,INE304W01038,19-AUG-2025,1,Consumer Cyclical,Luxury Goods,true
BLUSPRING,Bluspring Enterprises Limited,NSE,EQ,INE0U4101014,11-JUN-2025,10,Industrials,Specialty Business Services,true
BMWVENTLTD,BMW Ventures Limited,NSE,EQ,INE965W01036,01-OCT-2025,10,Basic Materials,Steel,true
BNAGROCHEM,BN Agrochem Limited,NSE,EQ,INE00HZ01011,20-APR-2026,10,Consumer Defensive,Packaged Foods,true
BNALTD,B & A Limited,NSE,BE,INE489D01011,20-APR-2026,10,Consumer Defensive,Packaged Foods,true
BODALCHEM,Bodal Chemicals Limited,NSE,BE,INE338D01028,22-AUG-2011,2,Basic Materials,Specialty Chemicals,true
BOHRAIND,Bohra Industries Limited,NSE,EQ,INE802W01023,27-OCT-2022,10,Basic Materials,Agricultural Inputs,true
BOMDYEING,Bombay Dyeing & Mfg Company Limited,NSE,EQ,INE032A01023,26-APR-1995,2,Consumer Cyclical,Textile Manufacturing,true
BONLON,Bonlon Industries Limited,NSE,EQ,INE0B9A01018,20-FEB-2026,10,Basic Materials,Other Industrial Metals & Mining,true
BORANA,Borana Weaves Limited,NSE,EQ,INE16SF01016,27-MAY-2025,10,Consumer Cyclical,Textile Manufacturing,true
BOROLTD,Borosil Limited,NSE,EQ,INE02PY01013,22-JUL-2020,1,Consumer Cyclical,"Furnishings, Fixtures & Appliances",true
BORORENEW,BOROSIL RENEWABLES LIMITED,NSE,EQ,INE666D01022,25-MAY-2018,1,Technology,Solar,true
BOROSCI,Borosil Scientific Limited,NSE,EQ,INE02L001032,07-JUN-2024,1,Consumer Cyclical,Packaging & Containers,true
BOSCH-HCIL,BOSCH HOME COMFORT INDIA LIMITED,NSE,EQ,INE782A01015,03-JAN-2000,10,Consumer Cyclical,"Furnishings, Fixtures & Appliances",true
BOSCHLTD,Bosch Limited,NSE,EQ,INE323A01026,12-MAY-2003,10,Consumer Cyclical,Auto Parts,true
BPCL,Bharat Petroleum Corporation Limited,NSE,EQ,INE029A01011,13-SEP-1995,10,Energy,Oil & Gas Refining & Marketing,true
BPL,BPL Limited,NSE,EQ,INE110A01019,14-JUN-1995,10,Technology,Consumer Electronics,true
BPLPHARMA,Bharat Parenterals Limited,NSE,EQ,INE365Y01019,17-AUG-2026,10,Healthcare,Drug Manufacturers - Specialty & Generic,true
BRAHMINFRA,Brahmaputra Infrastructure Limited,NSE,EQ,INE320I01017,17-AUG-2026,10,Industrials,Engineering & Construction,true
BRIGADE,Brigade Enterprises Limited,NSE,EQ,INE791I01019,31-DEC-2007,10,Real Estate,Real Estate - Development,true
BRIGHOTEL,Brigade Hotel Ventures Limited,NSE,EQ,INE03NU01014,31-JUL-2025,10,Consumer Cyclical,Lodging,true
BRIGHTBR,Bright Brothers Limited,NSE,EQ,INE630D01010,17-AUG-2026,10,Basic Materials,Specialty Chemicals,true
BRITANNIA,Britannia Industries Limited,NSE,EQ,INE216A01030,05-NOV-1998,1,Consumer Defensive,Packaged Foods,true
BRNL,Bharat Road Network Limited,NSE,EQ,INE727S01012,18-SEP-2017,10,Industrials,Infrastructure Operations,true
BROOKS,Brooks Laboratories Limited,NSE,BE,INE650L01011,05-SEP-2011,10,Healthcare,Drug Manufacturers - Specialty & Generic,true
BSE,BSE Limited,NSE,EQ,INE118H01025,03-FEB-2017,2,Financial Services,Financial Data & Stock Exchanges,true
BSHSL,Bombay Super Hybrid Seeds Limited,NSE,EQ,INE032Z01020,28-OCT-2020,1,Basic Materials,Agricultural Inputs,true
BSL,BSL Limited,NSE,EQ,INE594B01012,27-JUL-1995,10,Consumer Cyclical,Textile Manufacturing,true
BSOFT,BIRLASOFT LIMITED,NSE,EQ,INE836A01035,24-NOV-1999,2,Technology,Information Technology Services,true
BTML,Bodhi Tree Multimedia Limited,NSE,EQ,INE0EEJ01023,15-FEB-2023,1,Communication Services,Entertainment,true
BTTL,Bhilwara Technical Textiles Limited,NSE,BE,INE274K01012,20-APR-2026,1,Consumer Cyclical,Textile Manufacturing,true
BUILDPRO,Shankara Buildpro Limited,NSE,EQ,INE24OJ01011,09-JAN-2026,10,Consumer Cyclical,Home Improvement Retail,true
BURNPUR,Burnpur Cement Limited,NSE,EQ,INE817H01022,03-JAN-2008,10,Basic Materials,Building Materials,true
BUTTERFLY,Butterfly Gandhimathi Appliances Limited,NSE,EQ,INE295F01017,28-APR-2014,10,Consumer Cyclical,"Furnishings, Fixtures & Appliances",true
BVCL,Barak Valley Cements Limited,NSE,EQ,INE139I01011,23-NOV-2007,10,Basic Materials,Building Materials,true
BYKE,The Byke Hospitality Ltd,NSE,BE,INE319B01014,15-APR-2015,10,Consumer Cyclical,Lodging,true
CALSOFT,California Software Company Limited,NSE,EQ,INE526B01014,28-JUN-2000,10,Technology,Software - Application,true
CAMLINFINE,Camlin Fine Sciences Limited,NSE,EQ,INE052I01032,20-JAN-2015,1,Basic Materials,Specialty Chemicals,true
CAMPUS,Campus Activewear Limited,NSE,EQ,INE278Y01022,09-MAY-2022,5,Consumer Cyclical,Footwear & Accessories,true
CAMS,Computer Age Management Services Limited,NSE,EQ,INE596I01020,07-MAY-2021,2,Technology,Information Technology Services,true
CANBK,Canara Bank,NSE,EQ,INE476A01022,23-DEC-2002,2,Financial Services,Banks - Regional,true
CANFINHOME,Can Fin Homes Limited,NSE,EQ,INE477A01020,10-MAY-1995,2,Financial Services,Mortgage Finance,true
CANHLIFE,Canara HSBC Life Insurance Company Limited,NSE,EQ,INE01TY01017,17-OCT-2025,10,Financial Services,Insurance - Life,true
CANTABIL,Cantabil Retail India Limited,NSE,EQ,INE068L01024,12-OCT-2010,2,Consumer Cyclical,Apparel Manufacturing,true
CAPACITE,Capacit'e Infraprojects Limited,NSE,EQ,INE264T01014,25-SEP-2017,10,Industrials,Engineering & Construction,true
CAPILLARY,Capillary Technologies India Limited,NSE,EQ,INE0ILV01024,21-NOV-2025,2,Technology,Software - Infrastructure,true
CAPITALSFB,Capital Small Finance Bank Limited,NSE,EQ,INE646H01017,14-FEB-2024,10,Financial Services,Banks - Regional,true
CAPLIPOINT,Caplin Point Laboratories Limited,NSE,EQ,INE475E01026,23-JUN-2014,2,Healthcare,Drug Manufacturers - Specialty & Generic,true
CAPTRUST,Capital Trust Limited,NSE,BE,INE707C01018,16-JAN-2017,10,Financial Services,Credit Services,true
CARBORUNIV,Carborundum Universal Limited,NSE,EQ,INE120A01034,03-APR-1996,1,Industrials,Conglomerates,true
CARERATING,CARE Ratings Limited,NSE,EQ,INE752H01013,26-DEC-2012,10,Financial Services,Financial Data & Stock Exchanges,true
CARRARO,Carraro India Limited,NSE,EQ,INE0V7W01012,30-DEC-2024,10,Consumer Cyclical,Auto Parts,true
CARTRADE,Cartrade Tech Limited,NSE,EQ,INE290S01011,20-AUG-2021,10,Consumer Cyclical,Auto & Truck Dealerships,true
CARYSIL,CARYSIL LIMITED,NSE,EQ,INE482D01024,14-JAN-2021,2,Consumer Cyclical,"Furnishings, Fixtures & Appliances",true
CASTROLIND,Castrol India Limited,NSE,EQ,INE172A01027,14-MAR-2014,5,Energy,Oil & Gas Refining & Marketing,true
CCAVENUE,AvenuesAI Limited,NSE,EQ,INE483S01020,04-APR-2016,1,Technology,Software - Infrastructure,true
CCCL,Consolidated Construction Consortium Limited,NSE,EQ,INE429I01024,15-OCT-2007,2,Industrials,Engineering & Construction,true
CCHHL,Country Club Hospitality & Holidays Limited,NSE,EQ,INE652F01027,03-FEB-2015,2,Consumer Cyclical,Lodging,true
CCL,CCL Products (India) Limited,NSE,EQ,INE421D01022,07-JUN-2004,2,Consumer Defensive,Packaged Foods,true
CDSL,Central Depository Services (India) Limited,NSE,EQ,INE736A01011,30-JUN-2017,10,Financial Services,Capital Markets,true
CEATLTD,CEAT Limited,NSE,EQ,INE482A01020,01-FEB-2008,10,Consumer Cyclical,Auto Parts,true
CEIGALL,Ceigall India Limited,NSE,EQ,INE0AG901020,08-AUG-2024,5,Industrials,Engineering & Construction,true
CEINSYS,Ceinsys Tech Limited,NSE,EQ,INE016Q01014,19-FEB-2026,10,Industrials,Engineering & Construction,true
CELEBRITY,Celebrity Fashions Limited,NSE,EQ,INE185H01016,12-JAN-2006,10,Consumer Cyclical,Apparel Manufacturing,true
CELLO,Cello World Limited,NSE,EQ,INE0LMW01024,06-NOV-2023,5,Consumer Cyclical,"Furnishings, Fixtures & Appliances",true
CEMPRO,Cemindia Projects Limited,NSE,EQ,INE686A01026,10-FEB-1999,1,Industrials,Engineering & Construction,true
CENTENKA,Century Enka Limited,NSE,EQ,INE485A01015,10-MAY-1995,10,Consumer Cyclical,Textile Manufacturing,true
CENTEXT,Century Extrusions Limited,NSE,EQ,INE281A01026,20-JUL-2004,1,Basic Materials,Aluminum,true
CENTRALBK,Central Bank of India,NSE,EQ,INE483A01010,21-AUG-2007,10,Financial Services,Banks - Regional,true
CENTRUM,Centrum Capital Limited,NSE,EQ,INE660C01027,04-APR-2018,1,Financial Services,Financial Conglomerates,true
CENTUM,Centum Electronics Limited,NSE,EQ,INE320B01020,05-OCT-2007,10,Technology,Electronic Components,true
CENTURYPLY,Century Plyboards (India) Limited,NSE,EQ,INE348B01021,23-MAR-2006,1,Basic Materials,Lumber & Wood Production,true
CERA,Cera Sanitaryware Limited,NSE,EQ,INE739E01017,02-NOV-2007,5,Industrials,Building Products & Equipment,true
CEREBRAINT,Cerebra Integrated Technologies Limited,NSE,BZ,INE345B01019,26-JUN-2013,10,Industrials,Waste Management,true
CESC,CESC Limited,NSE,EQ,INE486A01021,08-FEB-1995,1,Utilities,Utilities - Regulated Electric,true
CEWATER,Concord Enviro Systems Limited,NSE,EQ,INE037Z01029,27-DEC-2024,5,Utilities,Utilities - Regulated Water,true
CFEL,Confidence Futuristic Energetech Limited,NSE,EQ,INE700F01024,17-AUG-2026,5,Utilities,Utilities - Regulated Gas,true
CGCL,Capri Global Capital Limited,NSE,EQ,INE180C01042,29-OCT-2010,1,Financial Services,Credit Services,true
CGPOWER,CG Power and Industrial Solutions Limited,NSE,EQ,INE067A01029,01-MAR-1995,2,Industrials,Electrical Equipment & Parts,true
CGVAK,CG Vak Software & Exports Limited,NSE,EQ,INE084D01010,17-AUG-2026,10,Technology,Software - Application,true
CHALET,Chalet Hotels Limited,NSE,EQ,INE427F01016,07-FEB-2019,10,Consumer Cyclical,Lodging,true
CHAMBLFERT,Chambal Fertilizers & Chemicals Limited,NSE,EQ,INE085A01013,14-JUN-1995,10,Basic Materials,Agricultural Inputs,true
CHEMBOND,Chembond Material Technologies Limited,NSE,EQ,INE995D01025,20-NOV-2019,5,Basic Materials,Specialty Chemicals,true
CHEMBONDCH,Chembond Chemicals Limited,NSE,BE,INE0TGX01019,23-JUL-2025,5,Basic Materials,Specialty Chemicals,true
CHEMCON,Chemcon Speciality Chemicals Limited,NSE,BE,INE03YM01018,01-OCT-2020,10,Basic Materials,Specialty Chemicals,true
CHEMCRUX,Chemcrux Enterprises Limited,NSE,EQ,INE298W01016,17-AUG-2026,10,Basic Materials,Specialty Chemicals,true
CHEMFAB,Chemfab Alkalis Limited,NSE,EQ,INE783X01023,25-APR-2018,10,Basic Materials,Specialty Chemicals,true
CHEMPLASTS,Chemplast Sanmar Limited,NSE,EQ,INE488A01050,24-AUG-2021,5,Basic Materials,Chemicals,true
CHENNPETRO,Chennai Petroleum Corporation Limited,NSE,EQ,INE178A01016,07-JUN-2000,10,Energy,Oil & Gas Refining & Marketing,true
CHEVIOT,Cheviot Company Limited,NSE,EQ,INE974B01016,20-JUN-2022,10,Consumer Cyclical,Textile Manufacturing,true
CHOICEIN,Choice International Limited,NSE,EQ,INE102B01014,08-APR-2022,10,Financial Services,Capital Markets,true
CHOLAFIN,Cholamandalam Investment and Finance Company Limited,NSE,EQ,INE121A01024,15-MAY-1996,2,Financial Services,Credit Services,true
CHOLAHLDNG,Cholamandalam Financial Holdings Limited,NSE,EQ,INE149A01033,25-SEP-2017,1,Financial Services,Credit Services,true
CIEINDIA,CIE Automotive India Limited,NSE,EQ,INE536H01010,30-AUG-2007,10,Consumer Cyclical,Auto Parts,true
CIFL,Capital India Finance Limited,NSE,EQ,INE345H01024,17-APR-2025,2,Financial Services,Credit Services,true
CINELINE,Cineline India Limited,NSE,EQ,INE704H01022,13-JUN-2012,5,Communication Services,Entertainment,true
CINEVISTA,Cinevista Limited,NSE,EQ,INE039B01026,02-MAY-2000,2,Communication Services,Entertainment,true
CIPLA,Cipla Limited,NSE,EQ,INE059A01026,08-FEB-1995,2,Healthcare,Drug Manufacturers - Specialty & Generic,true
CLEAN,Clean Science and Technology Limited,NSE,EQ,INE227W01023,19-JUL-2021,1,Basic Materials,Specialty Chemicals,true
CLEANMAX,Clean Max Enviro Energy Solutions Limited,NSE,EQ,INE647U01026,02-MAR-2026,1,Utilities,Utilities - Renewable,true
CLEDUCATE,CL Educate Limited,NSE,BE,INE201M01029,31-MAR-2017,5,Consumer Defensive,Education & Training Services,true
CLSEL,Chaman Lal Setia Exports Limited,NSE,EQ,INE419D01026,12-MAY-2021,2,Consumer Defensive,Packaged Foods,true
CMLL,Caliber Mining and Logistics Limited,NSE,EQ,INE11XY01018,24-JUL-2026,10,Energy,Thermal Coal,true
CMPDI,Central Mine Planning & Design Institute Limited,NSE,EQ,INE05HV01027,30-MAR-2026,2,Basic Materials,Other Industrial Metals & Mining,true
CMRGREEN,CMR Green Technologies Limited,NSE,EQ,INE00WV01027,10-JUN-2026,2,Basic Materials,Aluminum,true
CMSINFO,CMS Info Systems Limited,NSE,EQ,INE925R01014,31-DEC-2021,10,Industrials,Specialty Business Services,true
CNL,Creative Newtech Limited,NSE,EQ,INE985W01018,05-AUG-2019,10,Technology,Electronics & Computer Distribution,true
COALINDIA,Coal India Limited,NSE,EQ,INE522F01014,04-NOV-2010,10,Energy,Thermal Coal,true
COASTCORP,Coastal Corporation Limited,NSE,EQ,INE377E01024,08-OCT-2021,2,Consumer Defensive,Packaged Foods,true
COCHINSHIP,Cochin Shipyard Limited,NSE,EQ,INE704P01025,11-AUG-2017,5,Industrials,Aerospace & Defense,true
COCKERILL,John Cockerill India Limited,NSE,EQ,INE515A01019,20-APR-2026,10,Industrials,Metal Fabrication,true
COFFEEDAY,Coffee Day Enterprises Limited,NSE,BE,INE335K01011,02-NOV-2015,10,Consumer Cyclical,Restaurants,true
COFORGE,Coforge Limited,NSE,EQ,INE591G01025,30-AUG-2004,2,Technology,Information Technology Services,true
COHANCE,Cohance Lifesciences Limited,NSE,EQ,INE03QK01018,09-MAR-2020,1,Healthcare,Drug Manufacturers - Specialty & Generic,true
COLPAL,Colgate Palmolive (India) Limited,NSE,EQ,INE259A01022,17-DEC-2007,1,Consumer Defensive,Household & Personal Products,true
COMFINTE,Comfort Intech Limited,NSE,EQ,INE819A01049,20-APR-2026,1,Industrials,Conglomerates,true
COMPEAU,Competent Automobiles Company Limited,NSE,EQ,INE823B01015,17-AUG-2026,10,Consumer Cyclical,Auto & Truck Dealerships,true
COMPINFO,Compuage Infocom Limited,NSE,BZ,INE070C01037,07-JUL-2016,2,Technology,Electronics & Computer Distribution,true
COMPUSOFT,Compucom Software Limited,NSE,EQ,INE453B01029,02-MAR-2012,2,Consumer Defensive,Education & Training Services,true
COMSYN,Commercial Syn Bags Limited,NSE,EQ,INE073V01015,23-JAN-2024,10,Consumer Cyclical,Packaging & Containers,true
CONCOR,Container Corporation of India Limited,NSE,EQ,INE111A01025,07-MAY-1997,5,Industrials,Railroads,true
CONCORDBIO,Concord Biotech Limited,NSE,EQ,INE338H01029,18-AUG-2023,1,Healthcare,Biotechnology,true
CONFIPET,Confidence Petroleum India Limited,NSE,EQ,INE552D01024,13-JUN-2019,1,Energy,Oil & Gas Refining & Marketing,true
CONSOFINVT,Consolidated Finvest & Holdings Limited,NSE,BE,INE025A01027,29-MAR-2005,10,Financial Services,Capital Markets,true
CONTROLPR,Control Print Limited,NSE,EQ,INE663B01015,24-JUN-2016,10,Industrials,Business Equipment & Supplies,true
CORALFINAC,Coral India Finance & Housing Limited,NSE,EQ,INE558D01021,25-MAR-1996,2,Real Estate,Real Estate Services,true
CORDELIA,Waterways Leisure Tourism Limited,NSE,EQ,INE0LZF01039,01-JUL-2026,1,Industrials,Marine Shipping,true
CORDSCABLE,Cords Cable Industries Limited,NSE,BE,INE792I01017,13-FEB-2008,10,Industrials,Electrical Equipment & Parts,true
COROMANDEL,Coromandel International Limited,NSE,EQ,INE169A01031,31-MAY-1995,1,Basic Materials,Agricultural Inputs,true
CORONA,CORONA Remedies Limited,NSE,EQ,INE02ZQ01018,15-DEC-2025,10,Healthcare,Drug Manufacturers - General,true
COSMOFIRST,COSMO FIRST LIMITED,NSE,EQ,INE757A01017,25-MAY-1995,10,Consumer Cyclical,Packaging & Containers,true
COUNCODOS,Country Condo's Limited,NSE,BE,INE695B01025,22-JAN-2009,1,Real Estate,Real Estate - Development,true
CPCAP,CP Capital Limited,NSE,EQ,INE521J01018,06-OCT-2010,10,Financial Services,Credit Services,true
CPEDU,Career Point Edutech Limited,NSE,EQ,INE0P6P01016,05-SEP-2025,10,Consumer Defensive,Education & Training Services,true
CPL,Captain Polyplast Limited,NSE,EQ,INE536P01021,23-JUL-2026,2,Industrials,Farm & Heavy Construction Machinery,true
CPPLUS,Aditya Infotech Limited,NSE,EQ,INE819V01029,05-AUG-2025,1,Industrials,Building Products & Equipment,true
CRAFTSMAN,Craftsman Automation Limited,NSE,EQ,INE00LO01017,25-MAR-2021,5,Consumer Cyclical,Auto Parts,true
CRAMC,Canara Robeco Asset Management Company Limited,NSE,EQ,INE218I01013,16-OCT-2025,10,Financial Services,Asset Management,true
CRAVATEX,Cravatex Limited,NSE,EQ,INE145E01017,17-AUG-2026,10,Consumer Cyclical,Leisure,true
CREATIVEYE,Creative Eye Limited,NSE,EQ,INE230B01021,20-DEC-2000,5,Communication Services,Entertainment,true
CREDITACC,CREDITACCESS GRAMEEN LIMITED,NSE,EQ,INE741K01010,23-AUG-2018,10,Financial Services,Credit Services,true
CREST,Crest Ventures Limited,NSE,EQ,INE559D01011,27-DEC-2006,10,Financial Services,Financial Conglomerates,true
CRISIL,Crisil Limited,NSE,EQ,INE007A01025,28-JUN-1995,1,Financial Services,Financial Data & Stock Exchanges,true
CRIZAC,Crizac Limited,NSE,EQ,INE0S4R01014,09-JUL-2025,2,Consumer Defensive,Education & Training Services,true
CROMPTON,Crompton Greaves Consumer Electricals Limited,NSE,EQ,INE299U01018,13-MAY-2016,2,Consumer Cyclical,"Furnishings, Fixtures & Appliances",true
CROWN,Crown Lifters Limited,NSE,EQ,INE491V01019,08-FEB-2022,10,Industrials,Rental & Leasing Services,true
CRSL,Cressanda Railway Solutions Limited,NSE,BE,INE716D01033,17-AUG-2026,1,Technology,Information Technology Services,true
CSBBANK,CSB Bank Limited,NSE,EQ,INE679A01013,04-DEC-2019,10,Financial Services,Banks - Regional,true
CSLFINANCE,CSL Finance Limited,NSE,EQ,INE718F01018,21-JUL-2022,10,Financial Services,Credit Services,true
CSM,CSM Technologies Limited,NSE,EQ,INE0ZK601013,02-JUL-2026,10,Technology,Information Technology Services,true
CTE,Cambridge Technology Enterprises Limited,NSE,BE,INE627H01017,07-FEB-2007,10,Technology,Information Technology Services,true
CUB,City Union Bank Limited,NSE,EQ,INE491A01021,25-AUG-1998,1,Financial Services,Banks - Regional,true
CUBEXTUB,Cubex Tubings Limited,NSE,EQ,INE144D01012,24-APR-1996,10,Basic Materials,Copper,true
CUMMINSIND,Cummins India Limited,NSE,EQ,INE298A01020,29-MAR-1995,2,Industrials,Specialty Industrial Machinery,true
CUPID,Cupid Limited,NSE,EQ,INE509F01029,16-SEP-2016,1,Consumer Defensive,Household & Personal Products,true
CURAA,Cura Technologies Limited,NSE,EQ,INE117B01020,21-MAR-2025,10,Technology,Software - Application,true
CYBERMEDIA,Cyber Media (India) Limited,NSE,EQ,INE278G01037,10-JUN-2005,10,Communication Services,Publishing,true
CYBERTECH,Cybertech Systems And Software Limited,NSE,BE,INE214A01019,27-JAN-1999,10,Technology,Information Technology Services,true
CYIENT,Cyient Limited,NSE,EQ,INE136B01020,30-SEP-1998,5,Industrials,Conglomerates,true
CYIENTDLM,Cyient DLM Limited,NSE,EQ,INE055S01018,10-JUL-2023,10,Industrials,Aerospace & Defense,true
DABUR,Dabur India Limited,NSE,EQ,INE016A01026,28-APR-1999,1,Consumer Defensive,Household & Personal Products,true
DAICHI,Dai-Ichi Karkaria Limited,NSE,EQ,INE928C01010,20-APR-2026,10,Basic Materials,Specialty Chemicals,true
DALBHARAT,Dalmia Bharat Limited,NSE,EQ,INE00R701025,22-JAN-2019,2,Basic Materials,Building Materials,true
DALMIASUG,Dalmia Bharat Sugar and Industries Limited,NSE,EQ,INE495A01022,17-JAN-1996,2,Consumer Defensive,Confectioners,true
DAMCAPITAL,Dam Capital Advisors Limited,NSE,EQ,INE284H01025,27-DEC-2024,2,Financial Services,Capital Markets,true
DAMODARIND,Damodar Industries Limited,NSE,BE,INE497D01022,04-JUL-2016,5,Consumer Cyclical,Textile Manufacturing,true
DANGEE,Dangee Dums Limited,NSE,EQ,INE688Y01022,13-NOV-2020,1,Consumer Cyclical,Restaurants,true
DATAMATICS,Datamatics Global Services Limited,NSE,EQ,INE365B01017,07-MAY-2004,5,Technology,Information Technology Services,true
DATAPATTNS,Data Patterns (India) Limited,NSE,EQ,INE0IX101010,24-DEC-2021,2,Industrials,Aerospace & Defense,true
DAVANGERE,Davangere Sugar Company Limited,NSE,EQ,INE179G01029,25-JAN-2024,1,Consumer Defensive,Confectioners,true
DBCORP,D.B.Corp Limited,NSE,EQ,INE950I01011,06-JAN-2010,10,Communication Services,Publishing,true
DBEIL,Deepak Builders & Engineers India Limited,NSE,BE,INE0OPA01027,28-OCT-2024,1,Industrials,Engineering & Construction,true
DBL,Dilip Buildcon Limited,NSE,EQ,INE917M01012,11-AUG-2016,10,Industrials,Engineering & Construction,true
DBOL,Dhampur Bio Organics Limited,NSE,EQ,INE0I3401014,08-SEP-2022,10,Consumer Defensive,Farm Products,true
DBREALTY,Valor Estate Limited,NSE,EQ,INE879I01012,24-FEB-2010,10,Real Estate,Real Estate - Development,true
DBSTOCKBRO,DB (International) Stock Brokers Limited,NSE,BE,INE921B01025,29-FEB-2012,2,Financial Services,Capital Markets,true
DCAL,Dishman Carbogen Amcis Limited,NSE,EQ,INE385W01011,21-SEP-2017,2,Healthcare,Biotechnology,true
DCBBANK,DCB Bank Limited,NSE,EQ,INE503A01015,27-OCT-2006,10,Financial Services,Banks - Regional,true
DCI,Dc Infotech And Communication Limited,NSE,EQ,INE0A1101019,19-OCT-2022,10,Technology,Electronics & Computer Distribution,true
DCM,DCM  Limited,NSE,BE,INE498A01018,29-MAR-1995,10,Industrials,Metal Fabrication,true
DCMFINSERV,DCM Financial Services Limited,NSE,EQ,INE891B01012,21-MAY-1997,10,Financial Services,Credit Services,true
DCMNVL,DCM Nouvelle Limited,NSE,EQ,INE08KP01019,16-JUL-2019,10,Consumer Cyclical,Textile Manufacturing,true
DCMSHRIRAM,DCM Shriram Limited,NSE,EQ,INE499A01024,12-APR-1995,2,Industrials,Conglomerates,true
DCMSIL,DCM Shriram International Limited,NSE,EQ,INE0OU201013,17-FEB-2026,2,Industrials,Industrial Distribution,true
DCMSRIND,DCM Shriram Industries Limited,NSE,EQ,INE843D01027,24-DEC-2021,2,Consumer Defensive,Confectioners,true
DCW,DCW Limited,NSE,EQ,INE500A01029,25-MAY-1995,2,Basic Materials,Chemicals,true
DCXINDIA,DCX Systems Limited,NSE,EQ,INE0KL801015,11-NOV-2022,2,Industrials,Aerospace & Defense,true
DDEVPLSTIK,Ddev Plastiks Industries Limited,NSE,EQ,INE0HR601026,15-JAN-2025,1,Basic Materials,Specialty Chemicals,true
DECCANCE,Deccan Cements Limited,NSE,EQ,INE583C01021,02-AUG-2007,5,Basic Materials,Building Materials,true
DECNGOLD,Deccan Gold Mines Limited,NSE,EQ,INE945F01025,20-APR-2026,1,Basic Materials,Gold,true
DEEDEV,DEE Development Engineers Limited,NSE,EQ,INE841L01016,26-JUN-2024,10,Industrials,Metal Fabrication,true
DEEP,Deep Polymers Limited,NSE,EQ,INE00IY01012,17-AUG-2026,10,Basic Materials,Specialty Chemicals,true
DEEPAKFERT,Deepak Fertilizers and Petrochemicals Corporation Limited,NSE,EQ,INE501A01019,17-JAN-2003,10,Basic Materials,Chemicals,true
DEEPAKNTR,Deepak Nitrite Limited,NSE,EQ,INE288B01029,29-SEP-2010,2,Basic Materials,Chemicals,true
DEEPINDS,Deep Industries Limited,NSE,EQ,INE0FHS01024,27-APR-2021,5,Energy,Oil & Gas E&P,true
DELHIVERY,Delhivery Limited,NSE,EQ,INE148O01028,24-MAY-2022,1,Industrials,Integrated Freight & Logistics,true
DELPHIFX,DELPHI WORLD MONEY LIMITED,NSE,BE,INE726L01027,28-JUN-2011,2,Financial Services,Capital Markets,true
DELTACORP,Delta Corp Limited,NSE,EQ,INE124G01033,02-NOV-2007,1,Consumer Cyclical,Resorts & Casinos,true
DELTAMAGNT,Delta Manufacturing Limited,NSE,EQ,INE393A01011,18-OCT-1995,10,Consumer Cyclical,Textile Manufacturing,true
DEN,Den Networks Limited,NSE,EQ,INE947J01015,24-NOV-2009,10,Communication Services,Entertainment,true
DENORA,De Nora India Limited,NSE,EQ,INE244A01016,07-AUG-1997,10,Industrials,Electrical Equipment & Parts,true
DENTA,Denta Water and Infra Solutions Limited,NSE,EQ,INE0R4L01018,29-JAN-2025,10,Industrials,Engineering & Construction,true
DEVIT,Dev Information Technology Limited,NSE,EQ,INE060X01034,15-FEB-2022,2,Technology,Information Technology Services,true
DEVX,Dev Accelerator Limited,NSE,EQ,INE0VOV01021,17-SEP-2025,2,Real Estate,Real Estate Services,true
DEVYANI,Devyani International Limited,NSE,EQ,INE872J01023,16-AUG-2021,1,Consumer Cyclical,Restaurants,true
DGCONTENT,Digicontent Limited,NSE,EQ,INE03JI01017,18-JUN-2019,2,Communication Services,Internet Content & Information,true
DHABRIYA,Dhabriya Polywood Limited,NSE,BE,INE260R01016,17-AUG-2026,10,Industrials,Building Products & Equipment,true
DHAMPURSUG,Dhampur Sugar Mills Limited,NSE,EQ,INE041A01016,29-MAR-1995,10,Consumer Defensive,Confectioners,true
DHANBANK,Dhanlaxmi Bank Limited,NSE,EQ,INE680A01011,01-APR-2004,10,Financial Services,Banks - Regional,true
DHANUKA,Dhanuka Agritech Limited,NSE,EQ,INE435G01025,29-JUN-2011,2,Basic Materials,Agricultural Inputs,true
DHARAN,DHARAN INFRA-EPC LIMITED,NSE,BZ,INE278R01034,02-APR-2018,1,Real Estate,Real Estate - Development,true
DHARMAJ,Dharmaj Crop Guard Limited,NSE,EQ,INE00OQ01016,08-DEC-2022,10,Basic Materials,Agricultural Inputs,true
DHATRE,Dhatre Udyog Limited,NSE,EQ,INE715T01031,17-AUG-2026,1,,,true
DHOOTTRANS,Dhoot Transmission Limited,NSE,EQ,INE01NH01023,17-AUG-2026,2,Consumer Cyclical,Auto Parts,true
DHRUV,Dhruv Consultancy Services Limited,NSE,EQ,INE506Z01015,25-NOV-2021,10,Industrials,Engineering & Construction,true
DHUNINV,Dhunseri Investments Limited,NSE,EQ,INE320L01011,18-MAR-2011,10,Financial Services,Capital Markets,true
DIACABS,Diamond Power Infrastructure Limited,NSE,BE,INE989C01038,15-SEP-2023,1,Industrials,Specialty Industrial Machinery,true
DIAMINESQ,Diamines & Chemicals Limited,NSE,EQ,INE591D01014,25-SEP-2023,10,Basic Materials,Chemicals,true
DIAMONDYD,Prataap Snacks Limited,NSE,EQ,INE393P01035,05-OCT-2017,5,Consumer Defensive,Packaged Foods,true
DICIND,DIC India Limited,NSE,EQ,INE303A01010,30-AUG-1995,10,Basic Materials,Specialty Chemicals,true
DIFFNKG,Diffusion Engineers Limited,NSE,EQ,INE184O01015,04-OCT-2024,10,Industrials,Specialty Industrial Machinery,true
DIGIDRIVE,Digidrive Distributors Limited,NSE,EQ,INE0PSC01024,10-JAN-2024,10,Consumer Cyclical,Internet Retail,true
DIGISPICE,DiGiSPICE Technologies Limited,NSE,EQ,INE927C01020,27-MAY-2008,3,Financial Services,Financial Conglomerates,true
DIGITIDE,Digitide Solutions Limited,NSE,EQ,INE0U4701011,11-JUN-2025,10,Industrials,Specialty Business Services,true
DIGJAMLMTD,Digjam Limited,NSE,EQ,INE731U01028,18-OCT-2021,10,Consumer Cyclical,Textile Manufacturing,true
DISAQ,Disa India Limited,NSE,EQ,INE131C01011,20-APR-2026,10,,,true
DISHTV,Dish TV India Limited,NSE,EQ,INE836F01026,18-APR-2007,1,Communication Services,Entertainment,true
DIVGIITTS,Divgi Torqtransfer Systems Limited,NSE,EQ,INE753U01022,14-MAR-2023,5,Consumer Cyclical,Auto Parts,true
DIVISLAB,Divi's Laboratories Limited,NSE,EQ,INE361B01024,12-MAR-2003,2,Healthcare,Drug Manufacturers - Specialty & Generic,true
DIXON,Dixon Technologies (India) Limited,NSE,EQ,INE935N01020,18-SEP-2017,2,Technology,Consumer Electronics,true
DJML,DJ Mediaprint & Logistics Limited,NSE,EQ,INE0B1K01014,05-DEC-2022,10,Industrials,Specialty Business Services,true
DLF,DLF Limited,NSE,EQ,INE271C01023,05-JUL-2007,2,Real Estate,Real Estate - Development,true
DLINKINDIA,D-Link (India) Limited,NSE,EQ,INE250K01012,18-DEC-2009,2,Technology,Communication Equipment,true
DMART,Avenue Supermarts Limited,NSE,EQ,INE192R01011,21-MAR-2017,10,Consumer Defensive,Discount Stores,true
DMCC,DMCC SPECIALITY CHEMICALS LIMITED,NSE,EQ,INE505A01010,01-DEC-2021,10,Basic Materials,Chemicals,true
DNAMEDIA,Diligent Media Corporation Limited,NSE,EQ,INE016M01021,11-DEC-2017,1,Communication Services,Publishing,true
DODLA,Dodla Dairy Limited,NSE,EQ,INE021O01019,28-JUN-2021,10,Consumer Defensive,Food Distribution,true
DOLATALGO,Dolat Algotech Limited,NSE,EQ,INE966A01022,12-JAN-2024,1,Financial Services,Capital Markets,true
DOLLAR,Dollar Industries Limited,NSE,EQ,INE325C01035,21-APR-2017,2,Consumer Cyclical,Apparel Manufacturing,true
DOLPHIN,Dolphin Offshore Enterprises (India) Limited,NSE,EQ,INE920A01037,21-AUG-2023,1,Energy,Oil & Gas Equipment & Services,true
DOMS,DOMS Industries Limited,NSE,EQ,INE321T01012,20-DEC-2023,10,Industrials,Business Equipment & Supplies,true
DONEAR,Donear Industries Limited,NSE,EQ,INE668D01028,20-DEC-2006,2,Consumer Cyclical,Textile Manufacturing,true
DPABHUSHAN,D. P. Abhushan Limited,NSE,EQ,INE266Y01019,03-NOV-2020,10,Consumer Cyclical,Luxury Goods,true
DPSCLTD,DPSC Limited,NSE,BE,INE360C01024,21-APR-2008,1,Utilities,Utilities - Regulated Electric,true
DPWIRES,D P Wires Limited,NSE,BE,INE864X01013,17-JAN-2020,10,Industrials,Metal Fabrication,true
DRAGARWQ,Dr Agarwals Eye Hospital Limited,NSE,EQ,INE934C01018,20-APR-2026,10,Healthcare,Medical Care Facilities,true
DRCSYSTEMS,DRC Systems India Limited,NSE,EQ,INE03RS01027,10-MAR-2021,1,Technology,Information Technology Services,true
DREAMFOLKS,Dreamfolks Services Limited,NSE,EQ,INE0JS101016,06-SEP-2022,2,Industrials,Airports & Air Services,true
DREDGECORP,Dredging Corporation of India Limited,NSE,EQ,INE506A01018,15-JAN-2004,10,Industrials,Engineering & Construction,true
DRREDDY,Dr. Reddy's Laboratories Limited,NSE,EQ,INE089A01031,30-MAY-2003,1,Healthcare,Drug Manufacturers - Specialty & Generic,true
DSFCL,DCM Shriram Fine Chemicals Limited,NSE,BE,INE0OFM01015,17-FEB-2026,2,Basic Materials,Specialty Chemicals,true
DSKULKARNI,DS Kulkarni Developers Limited,NSE,BE,INE891A01022,08-FEB-1995,10,Real Estate,Real Estate - Development,true
DSSL,Dynacons Systems & Solutions Limited,NSE,EQ,INE417B01040,01-DEC-2011,10,Technology,Information Technology Services,true
DTIL,Dhunseri Tea & Industries Limited,NSE,EQ,INE341R01014,20-JAN-2015,10,Consumer Defensive,Packaged Foods,true
DUCON,Ducon Infratechnologies Limited,NSE,EQ,INE741L01018,09-OCT-2012,1,Industrials,Specialty Industrial Machinery,true
DVL,Dhunseri Ventures Limited,NSE,EQ,INE477B01010,11-JAN-2008,10,Financial Services,Capital Markets,true
DWARKESH,Dwarikesh Sugar Industries Limited,NSE,EQ,INE366A01041,31-DEC-2004,1,Consumer Defensive,Confectioners,true
DYCL,Dynamic Cables Limited,NSE,EQ,INE600Y01019,27-JUL-2022,10,Industrials,Electrical Equipment & Parts,true
DYNAMATECH,Dynamatic Technologies Limited,NSE,EQ,INE221B01012,14-SEP-2006,10,Consumer Cyclical,Auto Parts,true
DYNPRO,Dynemic Products Limited,NSE,EQ,INE256H01015,19-JUL-2017,10,Basic Materials,Specialty Chemicals,true
E2E,E2E Networks Limited,NSE,BE,INE255Z01027,12-APR-2022,1,Technology,Software - Infrastructure,true
EASEMYTRIP,Easy Trip Planners Limited,NSE,EQ,INE07O001026,19-MAR-2021,1,Consumer Cyclical,Travel Services,true
EASTSILK,Eastern Silk Industries Limited,NSE,BE,INE962C01035,03-JUL-1996,2,Consumer Cyclical,Textile Manufacturing,true
EASTWEST,East West Freight Carriers Limited,NSE,EQ,INE595R01023,17-AUG-2026,2,Industrials,Integrated Freight & Logistics,true
EBGNG,GNG Electronics Limited,NSE,EQ,INE18JU01028,30-JUL-2025,2,Technology,Computer Hardware,true
EBIX,EBIX Limited,NSE,EQ,INE432F01032,17-AUG-2026,1,Technology,Software - Application,true
ECLERX,eClerx Services Limited,NSE,EQ,INE738I01010,31-DEC-2007,10,Technology,Information Technology Services,true
ECORECO,Eco Recycling Limited,NSE,EQ,INE316A01038,17-AUG-2026,10,Industrials,Waste Management,true
ECOSMOBLTY,Ecos (India) Mobility & Hospitality Limited,NSE,BE,INE06HJ01020,04-SEP-2024,2,Industrials,Rental & Leasing Services,true
EDELWEISS,Edelweiss Financial Services Limited,NSE,EQ,INE532F01054,12-DEC-2007,1,Financial Services,Financial Conglomerates,true
EFCIL,EFC (I) Limited,NSE,EQ,INE886D01026,20-AUG-2025,2,Real Estate,Real Estate Services,true
EICHERMOT,Eicher Motors Limited,NSE,EQ,INE066A01021,07-SEP-2004,1,Consumer Cyclical,Auto Manufacturers,true
EIDPARRY,EID Parry India Limited,NSE,EQ,INE126A01031,10-MAY-1995,1,Basic Materials,Agricultural Inputs,true
EIEL,Enviro Infra Engineers Limited,NSE,EQ,INE0LLY01014,29-NOV-2024,10,Industrials,Engineering & Construction,true
EIFFL,Euro India Fresh Foods Limited,NSE,BE,INE546V01010,12-OCT-2021,10,Consumer Defensive,Packaged Foods,true
EIHAHOTELS,EIH Associated Hotels Limited,NSE,EQ,INE276C01014,08-APR-2008,10,Consumer Cyclical,Lodging,true
EIHOTEL,EIH Limited,NSE,EQ,INE230A01023,08-FEB-1995,2,Consumer Cyclical,Lodging,true
EIMCOELECO,Eimco Elecon (India) Limited,NSE,EQ,INE158B01016,17-APR-1996,10,Industrials,Farm & Heavy Construction Machinery,true
EKC,Everest Kanto Cylinder Limited,NSE,EQ,INE184H01027,15-DEC-2005,2,Industrials,Specialty Industrial Machinery,true
EKI,EKI Energy Services Limited,NSE,EQ,INE0CPR01018,17-AUG-2026,10,Industrials,Consulting Services,true
ELANTAS,Elantas Beck India Limited,NSE,EQ,INE280B01018,20-APR-2026,10,Basic Materials,Specialty Chemicals,true
ELCIDIN,EL CID Investments Limited,NSE,EQ,INE927X01018,20-APR-2026,10,,,true
ELDEHSG,Eldeco Housing And Industries Limited,NSE,EQ,INE668G01021,12-APR-2022,2,Real Estate,Real Estate Services,true
ELECON,Elecon Engineering Company Limited,NSE,EQ,INE205B01031,29-SEP-2006,1,Industrials,Specialty Industrial Machinery,true
ELECTCAST,Electrosteel Castings Limited,NSE,EQ,INE086A01029,20-JUN-2003,1,Industrials,Building Products & Equipment,true
ELECTHERM,Electrotherm (India) Limited,NSE,EQ,INE822G01016,20-AUG-2007,10,Basic Materials,Steel,true
ELGIEQUIP,Elgi Equipments Limited,NSE,EQ,INE285A01027,22-NOV-1995,1,Industrials,Specialty Industrial Machinery,true
ELGIRUBCO,Elgi Rubber Company Limited,NSE,EQ,INE819L01012,10-AUG-2011,1,Consumer Cyclical,Auto Parts,true
ELIN,Elin Electronics Limited,NSE,EQ,INE050401020,30-DEC-2022,5,Industrials,Electrical Equipment & Parts,true
ELITECON,Elitecon International Limited,NSE,EQ,INE669R01026,20-APR-2026,1,Consumer Defensive,Tobacco,true
ELLEN,Ellenbarrie Industrial Gases Limited,NSE,EQ,INE236E01022,01-JUL-2025,2,Basic Materials,Chemicals,true
ELPROINTL,Elpro International Limited,NSE,EQ,INE579B01039,20-APR-2026,1,,,true
EMAMILTD,Emami Limited,NSE,EQ,INE548C01032,03-AUG-2006,1,Consumer Defensive,Household & Personal Products,true
EMAMIPAP,Emami Paper Mills Limited,NSE,BE,INE830C01026,30-MAY-2019,2,Basic Materials,Paper & Paper Products,true
EMAMIREAL,Emami Realty Limited,NSE,EQ,INE778K01012,28-JUL-2010,2,Real Estate,Real Estate - Development,true
EMBDL,Embassy Developments Limited,NSE,EQ,INE069I01010,23-MAR-2007,2,Real Estate,Real Estate - Diversified,true
EMCURE,Emcure Pharmaceuticals Limited,NSE,EQ,INE168P01015,10-JUL-2024,10,Healthcare,Drug Manufacturers - Specialty & Generic,true
EMIL,Electronics Mart India Limited,NSE,EQ,INE02YR01019,17-OCT-2022,10,Consumer Cyclical,Specialty Retail,true
EMKAY,Emkay Global Financial Services Limited,NSE,EQ,INE296H01011,28-APR-2006,10,Financial Services,Capital Markets,true
EMMBI,Emmbi Industries Limited,NSE,BE,INE753K01015,24-FEB-2010,10,Consumer Cyclical,Packaging & Containers,true
EMMVEE,Emmvee Photovoltaic Power Limited,NSE,EQ,INE1C6T01020,18-NOV-2025,2,Technology,Solar,true
EMPIND,Empire Industries Limited,NSE,EQ,INE515H01014,17-AUG-2026,10,Industrials,Conglomerates,true
EMPOWER,Empower India Limited,NSE,EQ,INE507F01023,20-APR-2026,1,Technology,Electronics & Computer Distribution,true
EMSLIMITED,EMS Limited,NSE,EQ,INE0OV601013,21-SEP-2023,10,Industrials,Engineering & Construction,true
EMUDHRA,eMudhra Limited,NSE,EQ,INE01QM01018,01-JUN-2022,5,Technology,Software - Application,true
ENDURANCE,Endurance Technologies Limited,NSE,EQ,INE913H01037,19-OCT-2016,10,Consumer Cyclical,Auto Parts,true
ENERGYDEV,Energy Development Company Limited,NSE,EQ,INE306C01019,02-NOV-2007,10,Utilities,Utilities - Regulated Electric,true
ENGINERSIN,Engineers India Limited,NSE,EQ,INE510A01028,20-AUG-1997,5,Industrials,Engineering & Construction,true
ENIL,Entertainment Network (India) Limited,NSE,EQ,INE265F01028,15-FEB-2006,10,Communication Services,Broadcasting,true
ENKEIWHEL,Enkei Wheels (India) Limited,NSE,EQ,INE130L01014,17-AUG-2026,5,Consumer Cyclical,Auto Parts,true
ENRIN,Siemens Energy India Limited,NSE,EQ,INE1NPP01017,19-JUN-2025,2,Utilities,Utilities - Renewable,true
ENTERO,Entero Healthcare Solutions Limited,NSE,EQ,INE010601016,16-FEB-2024,10,Healthcare,Medical Distribution,true
EPACK,EPACK Durable Limited,NSE,EQ,INE0G5901015,30-JAN-2024,10,Consumer Cyclical,"Furnishings, Fixtures & Appliances",true
EPACKPEB,EPack Prefab Technologies Limited,NSE,EQ,INE0MLS01022,01-OCT-2025,2,Industrials,Engineering & Construction,true
EPIGRAL,Epigral Limited,NSE,EQ,INE071N01016,18-AUG-2021,10,Basic Materials,Chemicals,true
EPL,EPL Limited,NSE,EQ,INE255A01020,11-FEB-2002,2,Consumer Cyclical,Packaging & Containers,true
EQUIPPP,Equippp Social Impact Technologies Limited,NSE,BE,INE217G01035,19-MAY-2021,1,Technology,Information Technology Services,true
EQUITASBNK,Equitas Small Finance Bank Limited,NSE,EQ,INE063P01018,02-NOV-2020,10,Financial Services,Banks - Regional,true
ERIS,Eris Lifesciences Limited,NSE,EQ,INE406M01024,29-JUN-2017,1,Healthcare,Drug Manufacturers - Specialty & Generic,true
ESABINDIA,Esab India Limited,NSE,EQ,INE284A01012,01-NOV-1995,10,Industrials,Tools & Accessories,true
ESAFSFB,ESAF Small Finance Bank Limited,NSE,BE,INE818W01011,10-NOV-2023,10,Financial Services,Banks - Regional,true
ESCORTS,Escorts Kubota Limited,NSE,EQ,INE042A01014,01-MAR-1995,10,Industrials,Farm & Heavy Construction Machinery,true
ESSARSHPNG,Essar Shipping Limited,NSE,EQ,INE122M01019,15-NOV-2011,10,Industrials,Marine Shipping,true
ESSENTIA,Integra Essentia Limited,NSE,EQ,INE418N01035,20-AUG-2013,1,Consumer Defensive,Food Distribution,true
ESTER,Ester Industries Limited,NSE,EQ,INE778B01029,20-JUN-2011,5,Basic Materials,Specialty Chemicals,true
ETERNAL,ETERNAL LIMITED,NSE,EQ,INE758T01015,23-JUL-2021,1,Consumer Cyclical,Internet Retail,true
ETHOSLTD,Ethos Limited,NSE,EQ,INE04TZ01018,30-MAY-2022,10,Consumer Cyclical,Luxury Goods,true
EUREKAFORB,Eureka Forbes Limited,NSE,EQ,INE0KCE01017,11-SEP-2024,10,Consumer Cyclical,"Furnishings, Fixtures & Appliances",true
EUROBOND,Euro Panel Products Limited,NSE,EQ,INE505V01016,01-AUG-2025,10,Industrials,Building Products & Equipment,true
EUROPRATIK,Euro Pratik Sales Limited,NSE,EQ,INE198501012,23-SEP-2025,1,Basic Materials,Building Materials,true
EUROTEXIND,Eurotex Industries and Exports Limited,NSE,BE,INE022C01012,31-JAN-1996,10,Real Estate,Real Estate - Development,true
EVEREADY,Eveready Industries India Limited,NSE,EQ,INE128A01029,27-APR-2005,5,Industrials,Electrical Equipment & Parts,true
EVERESTIND,Everest Industries Limited,NSE,BE,INE295A01018,29-MAR-1995,10,Industrials,Building Products & Equipment,true
EXCELINDUS,Excel Industries Limited,NSE,EQ,INE369A01029,16-JUN-2004,5,Basic Materials,Specialty Chemicals,true
EXCELSOFT,Excelsoft Technologies Limited,NSE,EQ,INE606N01019,26-NOV-2025,10,Technology,Software - Application,true
EXICOM,Exicom Tele-Systems Limited,NSE,EQ,INE777F01014,05-MAR-2024,10,Industrials,Electrical Equipment & Parts,true
EXIDEIND,Exide Industries Limited,NSE,EQ,INE302A01020,17-JUN-2003,1,Consumer Cyclical,Auto Parts,true
EXPLEOSOL,Expleo Solutions Limited,NSE,EQ,INE201K01015,26-OCT-2009,10,Technology,Information Technology Services,true
EXXARO,Exxaro Tiles Limited,NSE,EQ,INE0GFE01026,16-AUG-2021,1,Industrials,Building Products & Equipment,true
FABTECH,Fabtech Technologies Limited,NSE,EQ,INE0HF201011,07-OCT-2025,10,Healthcare,Health Information Services,true
FACT,Fertilizers and Chemicals Travancore Limited,NSE,EQ,INE188A01015,12-APR-1995,10,Basic Materials,Agricultural Inputs,true
FAIRCHEMOR,Fairchem Organics Limited,NSE,BE,INE0DNW01011,24-DEC-2020,10,Basic Materials,Specialty Chemicals,true
FAZE3Q,Faze Three Limited,NSE,EQ,INE963C01033,18-NOV-2022,10,Consumer Cyclical,Textile Manufacturing,true
FCL,Fineotex Chemical Limited,NSE,EQ,INE045J01034,15-JAN-2015,1,Basic Materials,Specialty Chemicals,true
FCSSOFT,FCS Software Solutions Limited,NSE,EQ,INE512B01022,21-SEP-2005,1,Technology,Information Technology Services,true
FDC,FDC Limited,NSE,EQ,INE258B01022,07-AUG-1997,1,Healthcare,Drug Manufacturers - Specialty & Generic,true
FEDDERSHOL,Fedders Holding Limited,NSE,EQ,INE417D01020,20-APR-2026,1,Financial Services,Credit Services,true
FEDERALBNK,The Federal Bank  Limited,NSE,EQ,INE171A01029,08-FEB-1995,2,Financial Services,Banks - Regional,true
FEDFINA,Fedbank Financial Services Limited,NSE,EQ,INE007N01010,30-NOV-2023,10,Financial Services,Credit Services,true
FEL,Future Enterprises Limited,NSE,BZ,INE623B01027,05-NOV-2001,2,Consumer Cyclical,Department Stores,true
FELDVR,Future Enterprises Limited,NSE,BZ,IN9623B01058,13-FEB-2009,2,Consumer Cyclical,Department Stores,true
FERMENTA,Fermenta Biotech Limited,NSE,EQ,INE225B01021,04-AUG-2026,5,Healthcare,Drug Manufacturers - Specialty & Generic,true
FIBERWEB,Fiberweb (India) Limited,NSE,EQ,INE296C01020,16-FEB-2022,10,Consumer Cyclical,Textile Manufacturing,true
FIEMIND,Fiem Industries Limited,NSE,EQ,INE737H01014,19-OCT-2006,10,Consumer Cyclical,Auto Parts,true
FILATEX,Filatex India Limited,NSE,EQ,INE816B01035,29-AUG-2011,1,Consumer Cyclical,Textile Manufacturing,true
FILATFASH,Filatex Fashions Limited,NSE,EQ,INE185E01021,06-MAY-2024,1,Consumer Cyclical,Apparel Manufacturing,true
FINCABLES,Finolex Cables Limited,NSE,EQ,INE235A01022,15-FEB-1995,2,Industrials,Electrical Equipment & Parts,true
FINEORG,Fine Organic Industries Limited,NSE,EQ,INE686Y01026,02-JUL-2018,5,Basic Materials,Specialty Chemicals,true
FINKURVE,Finkurve Financial Services Limited,NSE,EQ,INE734I01027,01-OCT-2025,1,Financial Services,Credit Services,true
FINOPB,Fino Payments Bank Limited,NSE,EQ,INE02NC01014,12-NOV-2021,10,Financial Services,Banks - Regional,true
FINPIPE,Finolex Industries Limited,NSE,EQ,INE183A01024,08-FEB-1995,2,Industrials,Building Products & Equipment,true
FIRSTCRY,Brainbees Solutions Limited,NSE,EQ,INE02RE01045,13-AUG-2024,2,Consumer Cyclical,Internet Retail,true
FISCHER,Fischer Medical Ventures Limited,NSE,EQ,INE771F01041,10-JUL-2025,1,Healthcare,Medical Devices,true
FIVESTAR,Five-Star Business Finance Limited,NSE,EQ,INE128S01021,21-NOV-2022,1,Financial Services,Credit Services,true
FLAIR,Flair Writing Industries Limited,NSE,EQ,INE00Y201027,01-DEC-2023,5,Industrials,Business Equipment & Supplies,true
FLEXITUFF,Flexituff Ventures International Limited,NSE,BE,INE060J01017,19-OCT-2011,10,Consumer Cyclical,Textile Manufacturing,true
FLFL,Future Lifestyle Fashions Limited,NSE,BZ,INE452O01016,01-OCT-2013,2,Consumer Cyclical,Apparel Manufacturing,true
FLUOROCHEM,Gujarat Fluorochemicals Limited,NSE,EQ,INE09N301011,16-OCT-2019,1,Basic Materials,Specialty Chemicals,true
FMGOETZE,Federal-Mogul Goetze (India) Limited.,NSE,EQ,INE529A01010,08-FEB-1995,10,Consumer Cyclical,Auto Parts,true
FMNL,Future Market Networks Limited,NSE,EQ,INE360L01017,31-DEC-2010,10,Real Estate,Real Estate Services,true
FOCUS,Focus Lighting and Fixtures Limited,NSE,BE,INE593W01028,24-NOV-2021,2,Consumer Cyclical,"Furnishings, Fixtures & Appliances",true
FOODSIN,Foods & Inns Limited,NSE,EQ,INE976E01023,16-NOV-2021,1,Consumer Defensive,Packaged Foods,true
FORCEMOT,FORCE MOTORS LTD,NSE,EQ,INE451A01017,14-FEB-2024,10,Consumer Cyclical,Auto Manufacturers,true
FORTIS,Fortis Healthcare Limited,NSE,EQ,INE061F01013,09-MAY-2007,10,Healthcare,Medical Care Facilities,true
FOSECOIND,Foseco India Limited,NSE,EQ,INE519A01011,05-MAY-2003,10,Basic Materials,Chemicals,true
FRACTAL,Fractal Analytics Limited,NSE,EQ,INE212S01015,16-FEB-2026,1,Technology,Software - Infrastructure,true
FREDUN,Fredun Pharmaceuticals Limited,NSE,EQ,INE194R01017,17-AUG-2026,10,Healthcare,Drug Manufacturers - Specialty & Generic,true
FRONTSP,Frontier Springs Limited,NSE,EQ,INE572D01014,20-APR-2026,10,Industrials,Metal Fabrication,true
FSL,Firstsource Solutions Limited,NSE,EQ,INE684F01012,22-FEB-2007,10,Technology,Information Technology Services,true
FUSION,Fusion Finance Limited,NSE,EQ,INE139R01012,15-NOV-2022,10,Financial Services,Credit Services,true
GABRIEL,Gabriel India Limited,NSE,EQ,INE524A01029,20-APR-2005,1,Consumer Cyclical,Auto Parts,true
GAEL,Gujarat Ambuja Exports Limited,NSE,EQ,INE036B01030,11-OCT-2000,1,Consumer Defensive,Packaged Foods,true
GAIL,GAIL (India) Limited,NSE,EQ,INE129A01019,02-APR-1997,10,Utilities,Utilities - Regulated Gas,true
GAJA,Gaja Alternative Asset Management Limited,NSE,EQ,INE18UN01038,26-AUG-2026,5,Financial Services,Asset Management,true
GALAPREC,Gala Precision Engineering Limited,NSE,EQ,INE0RE001014,09-SEP-2024,10,Industrials,Specialty Industrial Machinery,true
GALAXYSURF,Galaxy Surfactants Limited,NSE,EQ,INE600K01018,08-FEB-2018,10,Basic Materials,Specialty Chemicals,true
GALLANTT,Gallantt Ispat Limited,NSE,EQ,INE297H01019,04-APR-2006,10,Basic Materials,Steel,true
GANDHAR,Gandhar Oil Refinery (India) Limited,NSE,EQ,INE717W01049,30-NOV-2023,2,Energy,Oil & Gas Refining & Marketing,true
GANDHITUBE,Gandhi Special Tubes Limited,NSE,EQ,INE524B01027,31-JAN-2007,5,Industrials,Metal Fabrication,true
GANECOS,Ganesha Ecosphere Limited,NSE,EQ,INE845D01014,09-MAR-2015,10,Consumer Cyclical,Textile Manufacturing,true
GANESHBE,Ganesh Benzoplast Limited,NSE,BE,INE388A01029,16-SEP-2021,1,Basic Materials,Specialty Chemicals,true
GANESHCP,Ganesh Consumer Products Limited,NSE,EQ,INE652V01016,29-SEP-2025,10,Consumer Defensive,Packaged Foods,true
GANESHHOU,GANESH HOUSING LIMITED,NSE,EQ,INE460C01014,02-MAR-2007,10,Real Estate,Real Estate - Development,true
GANGAFORGE,Ganga Forging Limited,NSE,EQ,INE691Z01023,06-JUL-2021,1,Industrials,Metal Fabrication,true
GANGESSECU,Ganges Securities Limited,NSE,EQ,INE335W01016,28-JUL-2017,10,Consumer Defensive,Packaged Foods,true
GARFIBRES,Garware Technical Fibres Limited,NSE,EQ,INE276A01018,03-APR-2007,10,Consumer Cyclical,Textile Manufacturing,true
GARUDA,Garuda Construction and Engineering Limited,NSE,EQ,INE0JVO01026,15-OCT-2024,5,Industrials,Engineering & Construction,true
GATECH,GACM Technologies Limited,NSE,BE,INE224E01028,25-JUL-2016,1,Financial Services,Asset Management,true
GATECHDVR,GACM Technologies Limited,NSE,BE,INE224E01036,10-OCT-2017,1,Financial Services,Asset Management,true
GATEWAY,Gateway Distriparks Limited,NSE,EQ,INE079J01017,22-MAR-2022,10,Industrials,Integrated Freight & Logistics,true
GAUDIUMIVF,Gaudium IVF and Women Health Limited,NSE,BE,INE0P8B01020,27-FEB-2026,5,Healthcare,Medical Care Facilities,true
GAYAHWS,Gayatri Highways Limited,NSE,EQ,INE287Z01012,28-JUN-2018,2,Industrials,Infrastructure Operations,true
GAYAPROJ,Gayatri Projects Limited,NSE,BE,INE336H01023,22-AUG-2011,2,Industrials,Engineering & Construction,true
GCSL,Gretex Corporate Services Limited,NSE,EQ,INE199P01028,04-SEP-2025,10,Financial Services,Capital Markets,true
GEECEE,GeeCee Ventures Limited,NSE,BE,INE916G01016,04-OCT-2006,10,Real Estate,Real Estate - Development,true
GEEKAYWIRE,Geekay Wires Limited,NSE,EQ,INE669X01032,06-MAR-2020,1,Industrials,Electrical Equipment & Parts,true
GEMAROMA,Gem Aromatics Limited,NSE,EQ,INE06XZ01023,26-AUG-2025,2,Basic Materials,Chemicals,true
GENCON,Generic Engineering Construction and Projects Limited,NSE,EQ,INE854S01022,16-FEB-2021,5,Industrials,Engineering & Construction,true
GENESYS,Genesys International Corporation Limited,NSE,EQ,INE727B01026,23-JAN-2003,5,Technology,Software - Application,true
GENSOL,Gensol Engineering Limited,NSE,BZ,INE06H201014,03-JUL-2023,10,Technology,Solar,true
GENUSPAPER,Genus Paper & Boards Limited,NSE,EQ,INE949P01018,16-FEB-2015,1,Basic Materials,Paper & Paper Products,true
GENUSPOWER,Genus Power Infrastructures Limited,NSE,EQ,INE955D01029,08-JUL-2005,1,Industrials,Electrical Equipment & Parts,true
GEOJITFSL,Geojit Financial Services Limited,NSE,EQ,INE007B01023,01-JUL-2005,1,Financial Services,Capital Markets,true
GESHIP,The Great Eastern Shipping Company Limited,NSE,EQ,INE017A01032,27-NOV-2006,10,Industrials,Marine Shipping,true
GFLLIMITED,GFL Limited,NSE,EQ,INE538A01037,25-MAY-1995,1,Financial Services,Asset Management,true
GHCL,GHCL Limited,NSE,EQ,INE539A01019,31-JUL-2003,10,Basic Materials,Chemicals,true
GHCLTEXTIL,GHCL Textiles Limited,NSE,EQ,INE0PA801013,12-JUN-2023,2,Consumer Cyclical,Textile Manufacturing,true
GICHSGFIN,GIC Housing Finance Limited,NSE,EQ,INE289B01019,08-MAY-1996,10,Financial Services,Mortgage Finance,true
GICL,Globe International Carriers Limited,NSE,EQ,INE947T01022,18-FEB-2026,5,Industrials,Integrated Freight & Logistics,true
GICRE,General Insurance Corporation of India,NSE,EQ,INE481Y01014,25-OCT-2017,5,Financial Services,Insurance - Reinsurance,true
GILLANDERS,Gillanders Arbuthnot & Company Limited,NSE,EQ,INE047B01011,14-DEC-2009,10,Consumer Defensive,Farm Products,true
GILLETTE,Gillette India Limited,NSE,EQ,INE322A01010,30-JUL-2003,10,Consumer Defensive,Household & Personal Products,true
GINNIFILA,Ginni Filaments Limited,NSE,BE,INE424C01010,10-MAY-1995,10,Consumer Cyclical,Textile Manufacturing,true
GIPCL,Gujarat Industries Power Company Limited,NSE,EQ,INE162A01010,08-FEB-1995,10,Utilities,Utilities - Regulated Electric,true
GKB,GKB Ophthalmics Limited,NSE,EQ,INE265D01015,17-AUG-2026,10,Healthcare,Medical Instruments & Supplies,true
GKENERGY,GK Energy Limited,NSE,EQ,INE1AG301022,26-SEP-2025,2,Utilities,Utilities - Renewable,true
GKSL,Gujarat Kidney And Super Speciality Limited,NSE,EQ,INE0V0W01025,30-DEC-2025,2,Healthcare,Medical Care Facilities,true
GKWLIMITED,GKW Limited,NSE,EQ,INE528A01020,20-JUL-2009,10,Industrials,Specialty Business Services,true
GLAND,Gland Pharma Limited,NSE,EQ,INE068V01023,20-NOV-2020,1,Healthcare,Drug Manufacturers - Specialty & Generic,true
GLAXO,GlaxoSmithKline Pharmaceuticals Limited,NSE,EQ,INE159A01016,15-DEC-2000,10,Healthcare,Drug Manufacturers - General,true
GLENMARK,Glenmark Pharmaceuticals Limited,NSE,EQ,INE935A01035,07-FEB-2000,1,Healthcare,Drug Manufacturers - Specialty & Generic,true
GLFL,Gujarat Lease Financing Limited,NSE,EQ,INE540A01017,08-FEB-1995,10,Financial Services,Shell Companies,true
GLOBAL,Global Education Limited,NSE,EQ,INE291W01037,07-DEC-2020,2,Consumer Defensive,Education & Training Services,true
GLOBALE,Globale Tessile Limited,NSE,EQ,INE0URU01010,27-AUG-2024,10,Consumer Cyclical,Textile Manufacturing,true
GLOBALVECT,Global Vectra Helicorp Limited,NSE,EQ,INE792H01019,27-OCT-2006,10,Industrials,Airports & Air Services,true
GLOBE,GLOBE ENTERPRISES (INDIA) LIMITED,NSE,EQ,INE581X01021,07-OCT-2020,2,Consumer Cyclical,Textile Manufacturing,true
GLOBECIVIL,Globe Civil Projects Limited,NSE,EQ,INE0V3U01015,01-JUL-2025,10,Industrials,Engineering & Construction,true
GLOBUSSPR,Globus Spirits Limited,NSE,EQ,INE615I01010,23-SEP-2009,10,Consumer Defensive,Beverages - Wineries & Distilleries,true
GLOSTERLTD,Gloster Limited,NSE,EQ,INE350Z01018,26-APR-2024,10,Consumer Cyclical,Textile Manufacturing,true
GLOTTIS,Glottis Limited,NSE,EQ,INE0TQE01026,07-OCT-2025,2,Industrials,Integrated Freight & Logistics,true
GMBREW,GM Breweries Limited,NSE,EQ,INE075D01018,23-AUG-1995,10,Consumer Defensive,Beverages - Wineries & Distilleries,true
GMDCLTD,Gujarat Mineral Development Corporation Limited,NSE,EQ,INE131A01031,17-DEC-1997,2,Energy,Thermal Coal,true
GMMPFAUDLR,GMM Pfaudler Limited,NSE,EQ,INE541A01023,05-MAR-2018,2,Industrials,Specialty Industrial Machinery,true
GMRAIRPORT,GMR AIRPORTS LIMITED,NSE,EQ,INE776C01039,21-AUG-2006,1,Industrials,Airports & Air Services,true
GMRP&UI,GMR Power and Urban Infra Limited,NSE,EQ,INE0CU601026,23-MAR-2022,5,Energy,Thermal Coal,true
GNA,GNA Axles Limited,NSE,EQ,INE934S01014,26-SEP-2016,10,Consumer Cyclical,Auto Parts,true
GNFC,Gujarat Narmada Valley Fertilizers and Chemicals Limited,NSE,EQ,INE113A01013,17-MAY-1995,10,Basic Materials,Chemicals,true
GNRL,Gujarat Natural Resources Limited,NSE,EQ,INE207H01018,20-APR-2026,10,Energy,Oil & Gas E&P,true
GOACARBON,Goa Carbon Limited,NSE,EQ,INE426D01013,05-JUN-2007,10,Basic Materials,Specialty Chemicals,true
GOCLCORP,GOCL Corporation Limited,NSE,EQ,INE077F01035,26-JUN-2014,2,Basic Materials,Specialty Chemicals,true
GOCOLORS,Go Fashion (India) Limited,NSE,EQ,INE0BJS01011,30-NOV-2021,10,Consumer Cyclical,Apparel Retail,true
GODAVARIB,Godavari Biorefineries Limited,NSE,EQ,INE497S01012,30-OCT-2024,10,Basic Materials,Chemicals,true
GODFRYPHLP,Godfrey Phillips India Limited,NSE,EQ,INE260B01028,24-JUL-1996,2,Consumer Defensive,Tobacco,true
GODIGIT,Go Digit General Insurance Limited,NSE,EQ,INE03JT01014,23-MAY-2024,10,Financial Services,Insurance - Property & Casualty,true
GODREJAGRO,Godrej Agrovet Limited,NSE,EQ,INE850D01014,16-OCT-2017,10,Consumer Defensive,Packaged Foods,true
GODREJCP,Godrej Consumer Products Limited,NSE,EQ,INE102D01028,20-JUN-2001,1,Consumer Defensive,Household & Personal Products,true
GODREJIND,Godrej Industries Limited,NSE,EQ,INE233A01035,25-FEB-2003,1,Industrials,Conglomerates,true
GODREJPROP,Godrej Properties Limited,NSE,EQ,INE484J01027,05-JAN-2010,5,Real Estate,Real Estate - Development,true
GOKEX,Gokaldas Exports Limited,NSE,EQ,INE887G01027,27-APR-2005,5,Consumer Cyclical,Apparel Manufacturing,true
GOKUL,Gokul Refoils and Solvent Limited,NSE,EQ,INE020J01029,04-JUN-2008,2,Consumer Defensive,Packaged Foods,true
GOKULAGRO,Gokul Agro Resources Limited,NSE,EQ,INE314T01033,11-MAR-2016,1,Consumer Defensive,Packaged Foods,true
GOLDENTOBC,Golden Tobacco Limited,NSE,BZ,INE973A01010,08-FEB-1995,10,Consumer Defensive,Tobacco,true
GOLDIAM,Goldiam International Limited,NSE,EQ,INE025B01025,29-AUG-2005,2,Consumer Cyclical,Luxury Goods,true
GOLDTECH,AION-TECH SOLUTIONS LIMITED,NSE,BE,INE805A01014,11-APR-2001,10,Technology,Information Technology Services,true
GOODLUCK,Goodluck India Limited,NSE,EQ,INE127I01024,08-JAN-2015,2,Basic Materials,Steel,true
GOODYEAR,Goodyear India Limited,NSE,EQ,INE533A01012,20-APR-2026,10,Consumer Cyclical,Auto Parts,true
GOPAL,Gopal Snacks Limited,NSE,EQ,INE0L9R01028,14-MAR-2024,1,Consumer Defensive,Packaged Foods,true
GOYALALUM,Goyal Aluminiums Limited,NSE,EQ,INE705X01026,04-NOV-2022,1,Basic Materials,Aluminum,true
GPIL,Godawari Power And Ispat limited,NSE,EQ,INE177H01039,25-APR-2006,1,Basic Materials,Steel,true
GPPL,Gujarat Pipavav Port Limited,NSE,EQ,INE517F01014,09-SEP-2010,10,Industrials,Marine Shipping,true
GPTHEALTH,GPT Healthcare Limited,NSE,EQ,INE486R01017,29-FEB-2024,10,Healthcare,Medical Care Facilities,true
GPTINFRA,GPT Infraprojects Limited,NSE,EQ,INE390G01014,11-JUL-2016,10,Industrials,Engineering & Construction,true
GRADIENTE,Gradiente Infotainment Limited,NSE,EQ,INE361K01017,08-MAY-2026,10,Communication Services,Entertainment,true
GRANDOAK,Grand Oak Canyons Distillery Limited,NSE,EQ,INE926B01016,20-APR-2026,10,Financial Services,Mortgage Finance,true
GRANULES,Granules India Limited,NSE,EQ,INE101D01020,20-JUN-2005,1,Healthcare,Drug Manufacturers - Specialty & Generic,true
GRAPHITE,Graphite India Limited,NSE,EQ,INE371A01025,07-FEB-2003,2,Industrials,Electrical Equipment & Parts,true
GRASIM,Grasim Industries Limited,NSE,EQ,INE047A01021,10-MAY-1995,2,Basic Materials,Building Materials,true
GRAUWEIL,Grauer & Weil India Limited,NSE,EQ,INE266D01021,20-APR-2026,1,Basic Materials,Specialty Chemicals,true
GRAVISSHO,Graviss Hospitality Limited,NSE,EQ,INE214F01026,20-APR-2026,2,Consumer Cyclical,Lodging,true
GRAVITA,Gravita India Limited,NSE,EQ,INE024L01027,16-NOV-2010,2,Industrials,Metal Fabrication,true
GREAVESCOT,Greaves Cotton Limited,NSE,EQ,INE224A01026,09-SEP-2004,2,Industrials,Specialty Industrial Machinery,true
GREENLAM,Greenlam Industries Limited,NSE,EQ,INE544R01021,02-MAR-2015,1,Consumer Cyclical,"Furnishings, Fixtures & Appliances",true
GREENPANEL,Greenpanel Industries Limited,NSE,EQ,INE08ZM01014,23-OCT-2019,1,Basic Materials,Lumber & Wood Production,true
GREENPLY,Greenply Industries Limited,NSE,EQ,INE461C01038,06-MAR-1996,1,Basic Materials,Lumber & Wood Production,true
GREENPOWER,Orient Green Power Company Limited,NSE,EQ,INE999K01014,08-OCT-2010,10,Utilities,Utilities - Independent Power Producers,true
GRINDWELL,Grindwell Norton Limited,NSE,EQ,INE536A01023,11-SEP-2006,5,Industrials,Building Products & Equipment,true
GRINFRA,G R Infraprojects Limited,NSE,EQ,INE201P01022,19-JUL-2021,5,Industrials,Engineering & Construction,true
GRMOVER,GRM Overseas Limited,NSE,EQ,INE192H01020,07-SEP-2022,2,Consumer Defensive,Packaged Foods,true
GROBTEA,The Grob Tea Company Limited,NSE,EQ,INE646C01018,14-JUL-2016,10,Consumer Defensive,Farm Products,true
GROWW,Billionbrains Garage Ventures Limited,NSE,EQ,INE0HOQ01053,12-NOV-2025,2,Financial Services,Capital Markets,true
GRPLTD,GRP Limited,NSE,EQ,INE137I01015,12-FEB-2015,10,Consumer Cyclical,Auto Parts,true
GRSE,Garden Reach Shipbuilders & Engineers Limited,NSE,EQ,INE382Z01011,10-OCT-2018,10,Industrials,Aerospace & Defense,true
GRWRHITECH,Garware Hi-Tech Films Limited,NSE,EQ,INE291A01017,03-FEB-2022,10,Basic Materials,Specialty Chemicals,true
GSFC,Gujarat State Fertilizers & Chemicals Limited,NSE,EQ,INE026A01025,06-SEP-1995,2,Basic Materials,Agricultural Inputs,true
GSLSU,Global Surfaces Limited,NSE,EQ,INE0JSX01015,23-MAR-2023,10,Basic Materials,Building Materials,true
GSPCROP,GSP Crop Science Limited,NSE,EQ,INE713R01022,24-MAR-2026,10,Basic Materials,Agricultural Inputs,true
GSS,GSS Infotech Limited,NSE,EQ,INE871H01011,07-MAR-2008,10,Technology,Information Technology Services,true
GTECJAINX,G-TEC JAINX EDUCATION LIMITED,NSE,BE,INE586X01012,13-NOV-2020,10,Consumer Defensive,Education & Training Services,true
GTL,GTL Limited,NSE,EQ,INE043A01012,29-MAR-1995,10,Communication Services,Telecom Services,true
GTLINFRA,GTL Infrastructure Limited,NSE,EQ,INE221H01019,09-NOV-2006,10,Technology,Communication Equipment,true
GTPL,GTPL Hathway Limited,NSE,EQ,INE869I01013,04-JUL-2017,10,Communication Services,Entertainment,true
GUFICBIO,Gufic Biosciences Limited,NSE,EQ,INE742B01025,19-OCT-2004,1,Healthcare,Drug Manufacturers - Specialty & Generic,true
GUJALKALI,Gujarat Alkalies and Chemicals Limited,NSE,EQ,INE186A01019,07-AUG-1997,10,Basic Materials,Chemicals,true
GUJAPOLLO,Gujarat Apollo Industries Limited,NSE,EQ,INE826C01016,04-JUN-2007,10,Industrials,Specialty Industrial Machinery,true
GUJENERGY,GUJARAT ENERGY LIMITED,NSE,EQ,INE844O01030,15-SEP-2015,2,Utilities,Utilities - Regulated Gas,true
GUJRAFFIA,Gujarat Raffia Industries Limited,NSE,EQ,INE610B01024,09-OCT-1996,10,,,true
GUJTHEM,Gujarat Themis Biosyn Limited,NSE,EQ,INE942C01045,25-FEB-2025,1,Healthcare,Drug Manufacturers - Specialty & Generic,true
GULFOILLUB,Gulf Oil Lubricants India Limited,NSE,EQ,INE635Q01029,31-JUL-2014,2,Basic Materials,Specialty Chemicals,true
GULFPETRO,GP Petroleums Limited,NSE,BE,INE586G01017,24-SEP-2004,5,Energy,Oil & Gas Refining & Marketing,true
GULPOLY,Gulshan Polyols Limited,NSE,EQ,INE255D01024,28-JAN-2015,1,Basic Materials,Chemicals,true
GVKPIL,GVK Power & Infrastructure Limited,NSE,BE,INE251H01024,27-FEB-2006,1,Utilities,Utilities - Independent Power Producers,true
GVPIL,GE Power India Limited,NSE,EQ,INE878A01011,19-APR-2000,10,Industrials,Engineering & Construction,true
GVPTECH,GVP Infotech Limited,NSE,EQ,INE382T01030,06-SEP-2022,2,Technology,Information Technology Services,true
GVT&D,GE Vernova T&D India Limited,NSE,EQ,INE200A01026,30-JUN-2008,2,Industrials,Specialty Industrial Machinery,true
GYFTR,Gyftr Limited,NSE,EQ,INE724A01017,10-JUL-2026,10,Industrials,Specialty Business Services,true
HAL,Hindustan Aeronautics Limited,NSE,EQ,INE066F01020,28-MAR-2018,5,Industrials,Aerospace & Defense,true
HALDER,Halder Venture Limited,NSE,EQ,INE115S01010,19-JAN-2026,10,Consumer Defensive,Farm Products,true
HALDYNGL,Haldyn Glass Limited,NSE,BE,INE506D01020,20-APR-2026,1,Consumer Cyclical,Packaging & Containers,true
HALEOSLABS,HALEOS LABS LIMITED,NSE,EQ,INE320X01016,17-AUG-2017,10,Healthcare,Biotechnology,true
HAMPTON,Hampton Sky Realty Limited,NSE,EQ,INE299D01022,17-AUG-2026,1,Financial Services,Capital Markets,true
HAPPSTMNDS,Happiest Minds Technologies Limited,NSE,EQ,INE419U01012,17-SEP-2020,2,Technology,Information Technology Services,true
HAPPYFORGE,Happy Forgings Limited,NSE,EQ,INE330T01021,27-DEC-2023,2,Industrials,Metal Fabrication,true
HARDWYN,Hardwyn India Limited,NSE,EQ,INE626Z01029,12-APR-2022,1,Industrials,Building Products & Equipment,true
HARIOMPIPE,Hariom Pipe Industries Limited,NSE,EQ,INE00EV01017,13-APR-2022,10,Basic Materials,Steel,true
HARRMALAYA,Harrisons  Malayalam Limited,NSE,EQ,INE544A01019,08-FEB-1995,10,Consumer Defensive,Farm Products,true
HARSHA,Harsha Engineers International Limited,NSE,EQ,INE0JUS01029,26-SEP-2022,10,Industrials,Tools & Accessories,true
HATHWAY,Hathway Cable & Datacom Limited,NSE,EQ,INE982F01036,25-FEB-2010,2,Communication Services,Entertainment,true
HATSUN,Hatsun Agro Product Limited,NSE,EQ,INE473B01035,20-JUN-2014,1,Consumer Defensive,Packaged Foods,true
HAVELLS,Havells India Limited,NSE,EQ,INE176B01034,21-MAR-2001,1,Industrials,Electrical Equipment & Parts,true
HAVISHA,Sri Havisha Hospitality and Infrastructure Limited,NSE,EQ,INE293B01029,16-FEB-2000,2,Consumer Cyclical,Lodging,true
HAWKINCOOK,Hawkins Cookers Limited,NSE,EQ,INE979B01015,20-APR-2026,10,Consumer Cyclical,"Furnishings, Fixtures & Appliances",true
HAZOOR,Hazoor Multi Projects Limited,NSE,EQ,INE550F01049,17-AUG-2026,1,Real Estate,Real Estate - Development,true
HBESD,HB Estate Developers Limited,NSE,EQ,INE640B01021,20-APR-2026,10,,,true
HBLENGINE,HBL Engineering Limited,NSE,EQ,INE292B01021,04-JAN-2007,1,Industrials,Electrical Equipment & Parts,true
HBPOR,HB Portfolio Limited,NSE,EQ,INE638B01025,17-AUG-2026,10,Financial Services,Capital Markets,true
HBSL,HB Stockholdings Limited,NSE,EQ,INE550B01022,23-JUL-2018,10,Financial Services,Capital Markets,true
HCC,Hindustan Construction Company Limited,NSE,EQ,INE549A01026,01-APR-2003,1,Industrials,Engineering & Construction,true
HCG,Healthcare Global Enterprises Limited,NSE,EQ,INE075I01017,30-MAR-2016,10,Healthcare,Medical Care Facilities,true
HCL-INSYS,HCL Infosystems Limited,NSE,EQ,INE236A01020,01-JAN-1997,2,Technology,Electronics & Computer Distribution,true
HCLTECH,HCL Technologies Limited,NSE,EQ,INE860A01027,06-JAN-2000,2,Technology,Information Technology Services,true
HDBFS,HDB Financial Services Limited,NSE,EQ,INE756I01012,02-JUL-2025,10,Financial Services,Credit Services,true
HDFCAMC,HDFC Asset Management Company Limited,NSE,EQ,INE127D01025,06-AUG-2018,5,Financial Services,Asset Management,true
HDFCBANK,HDFC Bank Limited,NSE,EQ,INE040A01034,08-NOV-1995,1,Financial Services,Banks - Regional,true
HDFCLIFE,HDFC Life Insurance Company Limited,NSE,EQ,INE795G01014,17-NOV-2017,10,Financial Services,Insurance - Life,true
HDIL,Housing Development and Infrastructure Limited,NSE,BZ,INE191I01012,24-JUL-2007,10,Real Estate,Real Estate - Diversified,true
HEADSUP,Heads UP Ventures Limited,NSE,EQ,INE759V01019,14-DEC-2016,10,Consumer Cyclical,Apparel Retail,true
HEALTHX,Health X Platform Limited,NSE,EQ,INE019J01013,05-OCT-2010,10,Healthcare,Pharmaceutical Retailers,true
HECPROJECT,HEC Infra Projects Limited,NSE,EQ,INE558R01013,30-DEC-2021,10,Industrials,Engineering & Construction,true
HEG,HEG Limited,NSE,EQ,INE545A01024,10-MAY-1995,2,Industrials,Electrical Equipment & Parts,true
HEIDELBERG,HeidelbergCement India Limited,NSE,EQ,INE578A01017,15-MAR-1995,10,Basic Materials,Building Materials,true
HEMIPROP,Hemisphere Properties India Limited,NSE,EQ,INE0AJG01018,22-OCT-2020,10,Real Estate,Real Estate - Diversified,true
HERANBA,Heranba Industries Limited,NSE,EQ,INE694N01015,05-MAR-2021,10,Basic Materials,Agricultural Inputs,true
HERITGFOOD,Heritage Foods Limited,NSE,EQ,INE978A01027,27-NOV-1996,5,Consumer Defensive,Packaged Foods,true
HEROMOTOCO,Hero MotoCorp Limited,NSE,EQ,INE158A01026,11-APR-2003,2,Consumer Cyclical,Auto Manufacturers,true
HESTERBIO,Hester Biosciences Limited,NSE,EQ,INE782E01017,13-MAR-2015,10,Healthcare,Drug Manufacturers - Specialty & Generic,true
HEXAGON,Hexagon Nutrition Limited,NSE,BE,INE0JUI01012,12-JUN-2026,1,Consumer Defensive,Packaged Foods,true
HEXATRADEX,Hexa Tradex Limited,NSE,EQ,INE750M01017,20-APR-2012,2,Financial Services,Credit Services,true
HEXT,Hexaware Technologies Limited,NSE,EQ,INE093A01041,19-FEB-2025,1,Technology,Information Technology Services,true
HFCL,HFCL Limited,NSE,EQ,INE548A01028,09-MAR-2011,1,Technology,Communication Equipment,true
HGINFRA,H.G. Infra Engineering Limited,NSE,EQ,INE926X01010,09-MAR-2018,10,Industrials,Engineering & Construction,true
HGM,HandsOn Global Management (HGM) Limited,NSE,EQ,INE596H01014,27-SEP-2006,10,Technology,Information Technology Services,true
HGS,Hinduja Global Solutions Limited,NSE,EQ,INE170I01016,19-JUN-2007,10,Industrials,Specialty Business Services,true
HIKAL,Hikal Limited,NSE,EQ,INE475B01022,14-FEB-2001,2,Healthcare,Drug Manufacturers - Specialty & Generic,true
HILINFRA,Highway Infrastructure Limited,NSE,EQ,INE00RL01028,12-AUG-2025,5,Industrials,Infrastructure Operations,true
HILTON,Hilton Metal Forging Limited,NSE,EQ,INE788H01017,24-MAY-2007,10,Industrials,Metal Fabrication,true
HIMATSEIDE,Himatsingka Seide Limited,NSE,EQ,INE049A01027,08-FEB-1995,5,Consumer Cyclical,Textile Manufacturing,true
HINDADH,Hindustan Adhesives Limited,NSE,EQ,INE074C01013,17-AUG-2026,10,Basic Materials,Specialty Chemicals,true
HINDALCO,Hindalco Industries Limited,NSE,EQ,INE038A01020,08-JAN-1997,1,Basic Materials,Aluminum,true
HINDALUMI,Hind Aluminium Industries Limited,NSE,EQ,INE227B01019,17-AUG-2026,10,Basic Materials,Aluminum,true
HINDCOMPOS,Hindustan Composites Limited,NSE,EQ,INE310C01029,08-MAY-1996,5,Consumer Cyclical,Auto Parts,true
HINDCON,Hindcon Chemicals Limited,NSE,EQ,INE642Y01029,05-JUL-2021,2,Basic Materials,Specialty Chemicals,true
HINDCOPPER,Hindustan Copper Limited,NSE,EQ,INE531E01026,15-SEP-2010,5,Basic Materials,Copper,true
HINDOILEXP,Hindustan Oil Exploration Company Limited,NSE,EQ,INE345A01011,23-SEP-2003,10,Energy,Oil & Gas E&P,true
HINDPETRO,Hindustan Petroleum Corporation Limited,NSE,EQ,INE094A01015,17-JUN-1998,10,Energy,Oil & Gas Refining & Marketing,true
HINDUNILVR,Hindustan Unilever Limited,NSE,EQ,INE030A01027,06-JUL-1995,1,Consumer Defensive,Household & Personal Products,true
HINDWAREAP,Hindware Home Innovation Limited,NSE,EQ,INE05AN01011,26-DEC-2019,2,Consumer Cyclical,"Furnishings, Fixtures & Appliances",true
HINDZINC,Hindustan Zinc Limited,NSE,EQ,INE267A01025,21-NOV-2006,2,Basic Materials,Other Industrial Metals & Mining,true
HIRECT,Hirect Limited,NSE,EQ,INE835D01023,26-DEC-2006,2,Industrials,Electrical Equipment & Parts,true
HISARMETAL,Hisar Metal Industries Limited,NSE,EQ,INE598C01011,05-JAN-2017,10,Basic Materials,Steel,true
HITECH,Hi-Tech Pipes Limited,NSE,EQ,INE106T01025,07-MAY-2018,1,Basic Materials,Steel,true
HITECHCORP,Hitech Corporation Limited,NSE,BE,INE120D01012,20-DEC-2007,10,Consumer Cyclical,Packaging & Containers,true
HITECHGEAR,The Hi-Tech Gears Limited,NSE,BE,INE127B01011,21-JAN-2002,10,Consumer Cyclical,Auto Parts,true
HLEGLAS,HLE Glascoat Limited,NSE,EQ,INE461D01028,09-FEB-2023,2,Industrials,Specialty Industrial Machinery,true
HLVLTD,HLV LIMITED,NSE,EQ,INE102A01024,19-JUL-1995,2,Consumer Cyclical,Lodging,true
HMAAGRO,HMA Agro Industries Limited,NSE,EQ,INE0ECP01024,04-JUL-2023,1,Consumer Defensive,Packaged Foods,true
HMT,HMT Limited,NSE,BZ,INE262A01018,29-AUG-2003,10,Industrials,Farm & Heavy Construction Machinery,true
HMVL,Hindustan Media Ventures Limited,NSE,BE,INE871K01015,21-JUL-2010,10,Communication Services,Publishing,true
HNDFDS,Hindustan Foods Limited,NSE,EQ,INE254N01026,06-JUN-2023,2,Industrials,Conglomerates,true
HOMEFIRST,Home First Finance Company India Limited,NSE,EQ,INE481N01025,03-FEB-2021,2,Financial Services,Mortgage Finance,true
HONASA,Honasa Consumer Limited,NSE,EQ,INE0J5401028,07-NOV-2023,10,Consumer Defensive,Household & Personal Products,true
HONAUT,Honeywell Automation India Limited,NSE,EQ,INE671A01010,18-JUL-2003,10,Industrials,Electrical Equipment & Parts,true
HONDAPOWER,Honda India Power Products Limited,NSE,EQ,INE634A01018,01-APR-2003,10,Industrials,Specialty Industrial Machinery,true
HORIZONIND,Horizon Industrial Parks Limited,NSE,EQ,INE685T01010,24-AUG-2026,10,Real Estate,Real Estate - Development,true
HPAL,HP Adhesives Limited,NSE,EQ,INE0GSL01024,27-DEC-2021,2,Basic Materials,Specialty Chemicals,true
HPIL,Hindprakash Industries Limited,NSE,EQ,INE05X901010,07-NOV-2022,10,Basic Materials,Specialty Chemicals,true
HPL,HPL Electric & Power Limited,NSE,EQ,INE495S01016,04-OCT-2016,10,Industrials,Electrical Equipment & Parts,true
HRYNSHP,Hariyana Ship Breakers Limited,NSE,EQ,INE400G01011,17-AUG-2026,10,Industrials,Waste Management,true
HSCL,Himadri Speciality Chemical Limited,NSE,EQ,INE019C01026,02-MAR-2007,1,Basic Materials,Specialty Chemicals,true
HTMEDIA,HT Media Limited,NSE,EQ,INE501G01024,01-SEP-2005,2,Communication Services,Publishing,true
HUBTOWN,Hubtown Limited,NSE,EQ,INE703H01016,07-FEB-2007,10,Real Estate,Real Estate - Development,true
HUDCO,Housing & Urban Development Corporation Limited,NSE,EQ,INE031A01017,19-MAY-2017,10,Financial Services,Credit Services,true
HUHTAMAKI,Huhtamaki India Limited,NSE,EQ,INE275B01026,01-OCT-2004,2,Consumer Cyclical,Packaging & Containers,true
HYBRIDFIN,Hybrid Financial Services Limited,NSE,BE,INE965B01022,05-DEC-2022,5,Financial Services,Capital Markets,true
HYUNDAI,Hyundai Motor India Limited,NSE,EQ,INE0V6F01027,22-OCT-2024,10,Consumer Cyclical,Auto Manufacturers,true
IBULLSLTD,Indiabulls Limited,NSE,EQ,INE126M01010,18-AUG-2011,2,Real Estate,Real Estate - Development,true
ICDSLTD,ICDS Limited,NSE,EQ,INE613B01010,17-NOV-1999,10,Real Estate,Real Estate Services,true
ICEMAKE,Ice Make Refrigeration Limited,NSE,EQ,INE520Y01019,12-OCT-2020,10,Industrials,Specialty Industrial Machinery,true
ICICIAMC,ICICI Prudential Asset Management Company Limited,NSE,EQ,INE346A01027,19-DEC-2025,1,Financial Services,Asset Management,true
ICICIBANK,ICICI Bank Limited,NSE,EQ,INE090A01021,17-SEP-1997,2,Financial Services,Banks - Regional,true
ICICIGI,ICICI Lombard General Insurance Company Limited,NSE,EQ,INE765G01017,27-SEP-2017,10,Financial Services,Insurance - Diversified,true
ICICIPRULI,ICICI Prudential Life Insurance Company Limited,NSE,EQ,INE726G01019,29-SEP-2016,10,Financial Services,Insurance - Life,true
ICIL,Indo Count Industries Limited,NSE,EQ,INE483B01026,12-SEP-2005,2,Consumer Cyclical,Textile Manufacturing,true
ICRA,ICRA Limited,NSE,EQ,INE725G01011,13-APR-2007,10,Financial Services,Financial Data & Stock Exchanges,true
IDBI,IDBI Bank Limited,NSE,EQ,INE008A01015,20-SEP-1995,10,Financial Services,Banks - Regional,true
IDEA,Vodafone Idea Limited,NSE,EQ,INE669E01016,09-MAR-2007,10,Communication Services,Telecom Services,true
IDEAFORGE,Ideaforge Technology Limited,NSE,EQ,INE349Y01013,07-JUL-2023,10,Technology,Computer Hardware,true
IDFCFIRSTB,IDFC First Bank Limited,NSE,EQ,INE092T01019,06-NOV-2015,10,Financial Services,Banks - Regional,true
IEX,Indian Energy Exchange Limited,NSE,EQ,INE022Q01020,23-OCT-2017,1,Financial Services,Capital Markets,true
IFBAGRO,IFB Agro Industries Limited,NSE,EQ,INE076C01018,03-APR-1996,10,Consumer Defensive,Beverages - Wineries & Distilleries,true
IFBIND,IFB Industries Limited,NSE,EQ,INE559A01017,29-MAR-1995,10,Consumer Cyclical,"Furnishings, Fixtures & Appliances",true
IFCI,IFCI Limited,NSE,EQ,INE039A01010,26-APR-1995,10,Financial Services,Credit Services,true
IFGLEXPOR,IFGL Refractories Limited,NSE,EQ,INE133Y01011,14-NOV-2017,10,Basic Materials,Building Materials,true
IGARASHI,Igarashi Motors India Limited,NSE,EQ,INE188B01013,09-OCT-2003,10,Consumer Cyclical,Auto Parts,true
IGCL,Indogulf Cropsciences Limited,NSE,EQ,INE05J901018,03-JUL-2025,10,Basic Materials,Agricultural Inputs,true
IGIL,International Gemological Institute Limited,NSE,EQ,INE0Q9301021,20-DEC-2024,2,Basic Materials,Other Precious Metals & Mining,true
IGL,Indraprastha Gas Limited,NSE,EQ,INE203G01027,26-DEC-2003,2,Utilities,Utilities - Regulated Gas,true
IGPL,IG Petrochemicals Limited,NSE,EQ,INE204A01010,29-JAN-2007,10,Basic Materials,Chemicals,true
IIFL,IIFL Finance Limited,NSE,EQ,INE530B01024,17-MAY-2005,2,Financial Services,Credit Services,true
IIFLCAPS,IIFL Capital Services Limited,NSE,EQ,INE489L01022,20-SEP-2019,2,Financial Services,Capital Markets,true
IITL,Industrial Investment Trust Limited,NSE,EQ,INE886A01014,17-AUG-2010,10,Financial Services,Credit Services,true
IKIO,IKIO Technologies Limited,NSE,EQ,INE0LOJ01019,16-JUN-2023,10,Technology,Electronic Components,true
IKS,Inventurus Knowledge Solutions Limited,NSE,EQ,INE115Q01022,19-DEC-2024,1,Healthcare,Health Information Services,true
IL&FSENGG,IL&FS Engineering and Construction Company Limited,NSE,BZ,INE369I01014,25-OCT-2007,10,Industrials,Engineering & Construction,true
IL&FSTRANS,IL&FS Transportation Networks Limited,NSE,BZ,INE975G01012,30-MAR-2010,10,Industrials,Infrastructure Operations,true
IMAGICAA,Imagicaaworld Entertainment Limited,NSE,EQ,INE172N01012,06-APR-2015,10,Communication Services,Entertainment,true
IMFA,Indian Metals & Ferro Alloys Limited,NSE,EQ,INE919H01018,23-JUL-2010,10,Basic Materials,Other Industrial Metals & Mining,true
IMPAL,India Motor Parts and Accessories Limited,NSE,EQ,INE547E01014,07-OCT-2005,10,Consumer Cyclical,Auto Parts,true
IMPEXFERRO,Impex Ferro Tech Limited,NSE,BZ,INE691G01015,03-FEB-2005,10,Basic Materials,Other Industrial Metals & Mining,true
INA,Insolation Energy Limited,NSE,EQ,INE0LGX01024,09-MAR-2026,1,Technology,Solar,true
INCREDIBLE,INCREDIBLE INDUSTRIES LIMITED,NSE,EQ,INE452L01012,01-JUL-2016,10,Basic Materials,Steel,true
INDBANK,Indbank Merchant Banking Services Limited,NSE,EQ,INE841B01017,08-OCT-2008,10,Financial Services,Capital Markets,true
INDGN,Indegene Limited,NSE,EQ,INE065X01017,13-MAY-2024,2,Healthcare,Health Information Services,true
INDHOTEL,The Indian Hotels Company Limited,NSE,EQ,INE053A01029,03-JUL-1996,1,Consumer Cyclical,Lodging,true
INDIACEM,The India Cements Limited,NSE,EQ,INE383A01012,31-MAY-2000,10,Basic Materials,Building Materials,true
INDIAGLYCO,India Glycols Limited,NSE,EQ,INE560A01023,01-JUL-2005,5,Basic Materials,Chemicals,true
INDIAMART,Indiamart Intermesh Limited,NSE,EQ,INE933S01016,04-JUL-2019,10,Communication Services,Internet Content & Information,true
INDIANB,Indian Bank,NSE,EQ,INE562A01011,01-MAR-2007,10,Financial Services,Banks - Regional,true
INDIANCARD,Indian Card Clothing Company Limited,NSE,EQ,INE061A01014,08-JAN-1997,10,Consumer Cyclical,Textile Manufacturing,true
INDIANHUME,Indian Hume Pipe Company Limited,NSE,EQ,INE323C01030,30-AUG-1995,2,Industrials,Engineering & Construction,true
INDIASHLTR,India Shelter Finance Corporation Limited,NSE,EQ,INE922K01024,20-DEC-2023,5,Financial Services,Mortgage Finance,true
INDIGO,InterGlobe Aviation Limited,NSE,EQ,INE646L01027,10-NOV-2015,10,Industrials,Airlines,true
INDIGOPNTS,Indigo Paints Limited,NSE,EQ,INE09VQ01012,02-FEB-2021,10,Basic Materials,Specialty Chemicals,true
INDIQUBE,Indiqube Spaces Limited,NSE,EQ,INE06ST01018,30-JUL-2025,1,Real Estate,Real Estate Services,true
INDNIPPON,India Nippon Electricals Limited,NSE,EQ,INE092B01025,07-MAY-1997,5,Consumer Cyclical,Auto Parts,true
INDOAMIN,Indo Amines Limited,NSE,BE,INE760F01028,29-APR-2022,5,Basic Materials,Chemicals,true
INDOBORAX,Indo Borax & Chemicals Limited,NSE,EQ,INE803D01021,29-MAR-2022,1,Basic Materials,Chemicals,true
INDOCO,Indoco Remedies Limited,NSE,EQ,INE873D01024,14-JAN-2005,2,Healthcare,Drug Manufacturers - Specialty & Generic,true
INDOFARM,Indo Farm Equipment Limited,NSE,EQ,INE622H01018,07-JAN-2025,10,Industrials,Farm & Heavy Construction Machinery,true
INDOKEM,Indokem Limited,NSE,EQ,INE716F01012,17-AUG-2026,10,Basic Materials,Specialty Chemicals,true
INDOMIM,INDO-MIM Limited,NSE,EQ,INE084101034,30-JUL-2026,1,Industrials,Metal Fabrication,true
INDORAMA,Indo Rama Synthetics (India) Limited,NSE,EQ,INE156A01020,20-JUN-2003,10,Consumer Cyclical,Textile Manufacturing,true
INDOSTAR,IndoStar Capital Finance Limited,NSE,EQ,INE896L01010,21-MAY-2018,10,Financial Services,Credit Services,true
INDOTECH,Indo Tech Transformers Limited,NSE,EQ,INE332H01014,16-MAR-2006,10,Industrials,Electrical Equipment & Parts,true
INDOTHAI,Indo Thai Securities Limited,NSE,EQ,INE337M01021,02-NOV-2011,1,Financial Services,Capital Markets,true
INDOUS,Indo Us Biotech Limited,NSE,EQ,INE250Z01010,27-SEP-2024,10,Basic Materials,Agricultural Inputs,true
INDOWIND,Indowind Energy Limited,NSE,EQ,INE227G01018,14-SEP-2007,10,Utilities,Utilities - Renewable,true
INDPRUD,Industrial & Prudential Investment Company Limited,NSE,EQ,INE620D01011,20-APR-2026,10,Financial Services,Asset Management,true
INDRAMEDCO,Indraprastha Medical Corporation Limited,NSE,EQ,INE681B01017,17-APR-1997,10,Healthcare,Medical Care Facilities,true
INDSWFTLAB,Ind-Swift Laboratories Limited,NSE,EQ,INE915B01019,02-JUL-1997,10,Healthcare,Drug Manufacturers - Specialty & Generic,true
INDTERRAIN,Indian Terrain Fashions Limited,NSE,EQ,INE611L01021,11-MAR-2011,2,Consumer Cyclical,Apparel Retail,true
INDUSINDBK,IndusInd Bank Limited,NSE,EQ,INE095A01012,28-JAN-1998,10,Financial Services,Banks - Regional,true
INDUSTOWER,Indus Towers Limited,NSE,EQ,INE121J01017,28-DEC-2012,10,Communication Services,Telecom Services,true
INFOBEAN,InfoBeans Technologies Limited,NSE,EQ,INE344S01016,15-JUL-2019,10,Technology,Software - Application,true
INFOMEDIA,Infomedia Press Limited,NSE,EQ,INE669A01022,12-OCT-2006,10,Financial Services,Shell Companies,true
INFY,Infosys Limited,NSE,EQ,INE009A01021,08-FEB-1995,5,Technology,Information Technology Services,true
INGERRAND,Ingersoll Rand (India) Limited,NSE,EQ,INE177A01018,15-APR-1999,10,Industrials,Specialty Industrial Machinery,true
INNOVACAP,Innova Captab Limited,NSE,EQ,INE0DUT01020,29-DEC-2023,10,Healthcare,Drug Manufacturers - Specialty & Generic,true
INNOVANA,Innovana Thinklabs Limited,NSE,EQ,INE403Y01018,17-DEC-2024,10,Technology,Software - Application,true
INNOVISION,Innovision Limited,NSE,EQ,INE0ADB01012,23-MAR-2026,10,Industrials,Staffing & Employment Services,true
INOXGREEN,Inox Green Energy Services Limited,NSE,EQ,INE510W01014,23-NOV-2022,10,Utilities,Utilities - Renewable,true
INOXINDIA,INOX India Limited,NSE,EQ,INE616N01034,21-DEC-2023,2,Industrials,Specialty Industrial Machinery,true
INOXWIND,Inox Wind Limited,NSE,EQ,INE066P01011,09-APR-2015,10,Industrials,Specialty Industrial Machinery,true
INSECTICID,Insecticides (India) Limited,NSE,EQ,INE070I01018,30-MAY-2007,10,Basic Materials,Agricultural Inputs,true
INSPIRISYS,Inspirisys Solutions Limited,NSE,BE,INE020G01017,30-OCT-2006,10,Technology,Information Technology Services,true
INTELLECT,Intellect Design Arena Limited,NSE,EQ,INE306R01017,18-DEC-2014,5,Technology,Software - Application,true
INTENTECH,Intense Technologies Limited,NSE,EQ,INE781A01025,23-MAR-2017,2,Technology,Software - Infrastructure,true
INTERARCH,Interarch Building Solutions Limited,NSE,EQ,INE00M901018,26-AUG-2024,10,Industrials,Engineering & Construction,true
INTLCONV,International Conveyors Limited,NSE,EQ,INE575C01027,16-SEP-2021,1,Industrials,Specialty Industrial Machinery,true
INVENTURE,Inventure Growth & Securities Limited,NSE,EQ,INE878H01024,04-AUG-2011,1,Financial Services,Capital Markets,true
INVPRECQ,Investment & Precision Castings Limited,NSE,BE,INE155E01016,20-APR-2026,10,Basic Materials,Steel,true
IOB,Indian Overseas Bank,NSE,EQ,INE565A01014,07-DEC-2000,10,Financial Services,Banks - Regional,true
IOC,Indian Oil Corporation Limited,NSE,EQ,INE242A01010,24-JUL-1996,10,Energy,Oil & Gas Refining & Marketing,true
IOLCP,IOL Chemicals and Pharmaceuticals Limited,NSE,EQ,INE485C01029,08-NOV-2010,2,Healthcare,Drug Manufacturers - Specialty & Generic,true
IONEXCHANG,ION Exchange (India) Limited,NSE,EQ,INE570A01022,22-FEB-2022,1,Industrials,Pollution & Treatment Controls,true
IPCALAB,IPCA Laboratories Limited,NSE,EQ,INE571A01038,08-FEB-1995,1,Healthcare,Drug Manufacturers - Specialty & Generic,true
IPL,India Pesticides Limited,NSE,EQ,INE0D6701023,05-JUL-2021,1,Basic Materials,Agricultural Inputs,true
IPRINGLTD,IP Rings Limited,NSE,EQ,INE558A01019,17-AUG-2026,10,Consumer Cyclical,Auto Parts,true
IRB,IRB Infrastructure Developers Limited,NSE,EQ,INE821I01022,25-FEB-2008,1,Industrials,Infrastructure Operations,true
IRCON,Ircon International Limited,NSE,EQ,INE962Y01021,28-SEP-2018,2,Industrials,Engineering & Construction,true
IRCTC,Indian Railway Catering And Tourism Corporation Limited,NSE,EQ,INE335Y01020,14-OCT-2019,2,Consumer Cyclical,Travel Services,true
IREDA,Indian Renewable Energy Development Agency Limited,NSE,EQ,INE202E01016,29-NOV-2023,10,Financial Services,Credit Services,true
IRFC,Indian Railway Finance Corporation Limited,NSE,EQ,INE053F01010,29-JAN-2021,10,Financial Services,Credit Services,true
IRIS,IRIS RegTech Solutions Limited,NSE,EQ,INE864K01010,08-NOV-2021,10,Technology,Software - Application,true
IRISDOREME,Iris Clothings Limited,NSE,EQ,INE01GN01025,22-FEB-2021,2,Consumer Cyclical,Apparel Manufacturing,true
IRMENERGY,IRM Energy Limited,NSE,EQ,INE07U701015,26-OCT-2023,10,Utilities,Utilities - Regulated Gas,true
ISFT,Intrasoft Technologies Limited,NSE,EQ,INE566K01011,12-APR-2010,10,Consumer Cyclical,Internet Retail,true
ISGEC,Isgec Heavy Engineering Limited,NSE,EQ,INE858B01029,05-MAY-2021,1,Industrials,Specialty Industrial Machinery,true
ISHANCH,Ishan Dyes and Chemicals Limited,NSE,EQ,INE561M01018,24-MAR-2025,10,Basic Materials,Chemicals,true
ISTLTD,I S T Limited,NSE,EQ,INE684B01029,17-AUG-2026,5,Consumer Cyclical,Auto Parts,true
ITC,ITC Limited,NSE,EQ,INE154A01025,23-AUG-1995,1,Consumer Defensive,Tobacco,true
ITCHOTELS,ITC Hotels Limited,NSE,EQ,INE379A01028,29-JAN-2025,1,Consumer Cyclical,Resorts & Casinos,true
ITDC,India Tourism Development Corporation Limited,NSE,EQ,INE353K01014,30-DEC-2016,10,Consumer Cyclical,Lodging,true
ITI,ITI Limited,NSE,EQ,INE248A01017,15-SEP-2003,10,Technology,Communication Equipment,true
ITL,ITL Industries Limited,NSE,EQ,INE478D01014,17-AUG-2026,10,Industrials,Specialty Industrial Machinery,true
IVALUE,Ivalue Infosolutions Limited,NSE,EQ,INE056801025,25-SEP-2025,2,Technology,Information Technology Services,true
IVC,IL&FS Investment Managers Limited,NSE,EQ,INE050B01023,15-SEP-1999,2,Financial Services,Financial Conglomerates,true
IVP,IVP Limited,NSE,BE,INE043C01018,13-SEP-1995,10,Basic Materials,Specialty Chemicals,true
IWP,The Indian Wood Products Company Limited,NSE,EQ,INE586E01020,20-APR-2026,2,Basic Materials,Lumber & Wood Production,true
IXIGO,Le Travenues Technology Limited,NSE,EQ,INE0HV901016,18-JUN-2024,1,Consumer Cyclical,Travel Services,true
IZMO,IZMO Limited,NSE,EQ,INE848A01014,05-FEB-2007,10,Technology,Software - Application,true
J&KBANK,The Jammu & Kashmir Bank Limited,NSE,EQ,INE168A01041,22-JUL-1998,1,Financial Services,Banks - Regional,true
JAGRAN,Jagran Prakashan Limited,NSE,EQ,INE199G01027,22-FEB-2006,2,Communication Services,Publishing,true
JAGSNPHARM,Jagsonpal Pharmaceuticals Limited,NSE,EQ,INE048B01035,01-MAR-2000,2,Healthcare,Drug Manufacturers - Specialty & Generic,true
JAIBALAJI,Jai Balaji Industries Limited,NSE,EQ,INE091G01026,09-DEC-2003,2,Basic Materials,Steel,true
JAICORPLTD,Jai Corp Limited,NSE,EQ,INE070D01027,26-NOV-1997,1,Basic Materials,Specialty Chemicals,true
JAINREC,Jain Resource Recycling Limited,NSE,EQ,INE0YD401026,01-OCT-2025,2,Basic Materials,Other Industrial Metals & Mining,true
JAIPURKURT,Nandani Creation Limited,NSE,EQ,INE696V01013,02-SEP-2021,10,Consumer Cyclical,Apparel Manufacturing,true
JAMNAAUTO,Jamna Auto Industries Limited,NSE,EQ,INE039C01032,10-DEC-2010,1,Consumer Cyclical,Auto Parts,true
JARO,Jaro Institute of Technology Management and Research Limited,NSE,EQ,INE00YJ01010,30-SEP-2025,10,Consumer Defensive,Education & Training Services,true
JASH,Jash Engineering Limited,NSE,EQ,INE039O01029,30-OCT-2019,2,Industrials,Specialty Industrial Machinery,true
JAYAGROGN,Jayant Agro Organics Limited,NSE,EQ,INE785A01026,17-APR-1996,5,Basic Materials,Specialty Chemicals,true
JAYBARMARU,Jay Bharat Maruti Limited,NSE,EQ,INE571B01036,03-JAN-1996,2,Consumer Cyclical,Auto Parts,true
JAYKAY,Jaykay Enterprises Limited,NSE,EQ,INE903A01025,03-DEC-2025,1,Industrials,Specialty Business Services,true
JAYNECOIND,Jayaswal Neco Industries Limited,NSE,EQ,INE854B01010,10-MAY-1995,10,Basic Materials,Steel,true
JAYSREETEA,Jayshree Tea & Industries Limited,NSE,EQ,INE364A01020,15-FEB-1995,5,Consumer Defensive,Farm Products,true
JBMA,JBM Auto Limited,NSE,EQ,INE927D01051,17-DEC-2004,1,Consumer Cyclical,Auto Parts,true
JENBURPH,Jenburkt Pharmaceuticals Limited,NSE,EQ,INE354A01013,17-AUG-2026,10,Healthcare,Drug Manufacturers - Specialty & Generic,true
JETFREIGHT,Jet Freight Logistics Limited,NSE,EQ,INE982V01025,21-DEC-2021,5,Industrials,Integrated Freight & Logistics,true
JGCHEM,J.G.Chemicals Limited,NSE,EQ,INE0MB501011,13-MAR-2024,10,Basic Materials,Other Industrial Metals & Mining,true
JHS,JHS Svendgaard Laboratories Limited,NSE,EQ,INE544H01014,21-OCT-2006,10,Consumer Defensive,Household & Personal Products,true
JINDALPHOT,Jindal Photo Limited,NSE,EQ,INE796G01012,07-APR-2005,10,Financial Services,Asset Management,true
JINDALPOLY,Jindal Poly Films Limited,NSE,EQ,INE197D01010,21-JAN-2002,10,Consumer Cyclical,Packaging & Containers,true
JINDALSAW,Jindal Saw Limited,NSE,EQ,INE324A01032,29-APR-2003,1,Basic Materials,Steel,true
JINDALSTEL,JINDAL STEEL LIMITED,NSE,EQ,INE749A01030,29-DEC-1999,1,Basic Materials,Steel,true
JINDRILL,Jindal Drilling And Industries Limited,NSE,EQ,INE742C01031,22-DEC-2006,5,Energy,Oil & Gas Equipment & Services,true
JINDWORLD,Jindal Worldwide Limited,NSE,EQ,INE247D01039,25-NOV-2010,1,Consumer Cyclical,Textile Manufacturing,true
JIOFIN,Jio Financial Services Limited,NSE,EQ,INE758E01017,21-AUG-2023,10,Financial Services,Asset Management,true
JISLDVREQS,Jain Irrigation Systems Limited,NSE,EQ,IN9175A01010,30-NOV-2011,2,Industrials,Conglomerates,true
JISLJALEQS,Jain Irrigation Systems Limited,NSE,EQ,INE175A01038,13-AUG-2001,2,Industrials,Conglomerates,true
JITFINFRA,JITF Infralogistics Limited,NSE,EQ,INE863T01013,27-FEB-2017,2,Industrials,Engineering & Construction,true
JKCEMENT,JK Cement Limited,NSE,EQ,INE823G01014,14-MAR-2006,10,Basic Materials,Building Materials,true
JKIL,J.Kumar Infraprojects Limited,NSE,EQ,INE576I01022,12-FEB-2008,5,Industrials,Engineering & Construction,true
JKIPL,Jinkushal Industries Limited,NSE,EQ,INE1FF001016,03-OCT-2025,10,Industrials,Farm & Heavy Construction Machinery,true
JKLAKSHMI,JK Lakshmi Cement Limited,NSE,EQ,INE786A01032,19-JUN-2006,5,Basic Materials,Building Materials,true
JKPAPER,JK Paper Limited,NSE,EQ,INE789E01012,16-JUN-2005,10,Basic Materials,Paper & Paper Products,true
JKTYRE,JK Tyre & Industries Limited,NSE,EQ,INE573A01042,19-MAR-2007,2,Consumer Cyclical,Auto Parts,true
JLHL,Jupiter Life Line Hospitals Limited,NSE,EQ,INE682M01020,18-SEP-2023,2,Healthcare,Medical Care Facilities,true
JMA,Jullundur Motor Agency (Delhi) Limited,NSE,EQ,INE412C01023,16-MAR-2015,2,Consumer Cyclical,Auto Parts,true
JMFINANCIL,JM Financial Limited,NSE,EQ,INE780C01023,10-OCT-2006,1,Financial Services,Capital Markets,true
JNKINDIA,JNK India Limited,NSE,EQ,INE0OAF01028,30-APR-2024,2,Industrials,Specialty Industrial Machinery,true
JNPR,Juniper Green Energy Limited,NSE,EQ,INE05C901015,06-AUG-2026,10,Utilities,Utilities - Renewable,true
JOCIL,Jocil Limited,NSE,BE,INE839G01010,08-OCT-2008,10,Basic Materials,Specialty Chemicals,true
JPOLYINVST,Jindal Poly Investment and Finance Company Limited,NSE,EQ,INE147P01019,11-NOV-2013,10,Financial Services,Asset Management,true
JPPOWER,Jaiprakash Power Ventures Limited,NSE,EQ,INE351F01018,18-APR-2005,10,Utilities,Utilities - Independent Power Producers,true
JSFB,Jana Small Finance Bank Limited,NSE,EQ,INE953L01027,14-FEB-2024,10,Financial Services,Banks - Regional,true
JSL,Jindal Stainless Limited,NSE,EQ,INE220G01021,17-NOV-2003,2,Basic Materials,Steel,true
JSLL,Jeena Sikho Lifecare Limited,NSE,EQ,INE0J5801029,11-AUG-2025,2,Healthcare,Medical Care Facilities,true
JSWCEMENT,JSW Cement Limited,NSE,EQ,INE718I01012,14-AUG-2025,10,Basic Materials,Building Materials,true
JSWDULUX,JSW Dulux Limited,NSE,EQ,INE133A01011,28-JUN-2001,10,,,true
JSWENERGY,JSW Energy Limited,NSE,EQ,INE121E01018,04-JAN-2010,10,Utilities,Utilities - Independent Power Producers,true
JSWHL,JSW Holdings Limited,NSE,EQ,INE824G01012,21-JUN-2005,10,Financial Services,Asset Management,true
JSWINFRA,JSW Infrastructure Limited,NSE,EQ,INE880J01026,03-OCT-2023,2,Industrials,Marine Shipping,true
JSWSTEEL,JSW Steel Limited,NSE,EQ,INE019A01038,23-MAR-2005,1,Basic Materials,Steel,true
JTEKTINDIA,Jtekt India Limited,NSE,EQ,INE643A01035,12-JAN-2004,1,Consumer Cyclical,Auto Parts,true
JTLIND,JTL INDUSTRIES LIMITED,NSE,EQ,INE391J01032,12-JUN-2023,1,Basic Materials,Steel,true
JUBLCPL,Jubilant Agri and Consumer Products Limited,NSE,EQ,INE03CC01015,14-FEB-2025,10,Basic Materials,Specialty Chemicals,true
JUBLFOOD,Jubilant Foodworks Limited,NSE,EQ,INE797F01020,08-FEB-2010,2,Consumer Cyclical,Restaurants,true
JUBLINGREA,Jubilant Ingrevia Limited,NSE,EQ,INE0BY001018,19-MAR-2021,1,Basic Materials,Specialty Chemicals,true
JUBLPHARMA,Jubilant Pharmova Limited,NSE,EQ,INE700A01033,16-JUN-2003,1,Healthcare,Drug Manufacturers - Specialty & Generic,true
JUNIPER,Juniper Hotels Limited,NSE,EQ,INE696F01016,28-FEB-2024,10,Consumer Cyclical,Lodging,true
JUSTDIAL,Just Dial Limited,NSE,EQ,INE599M01018,05-JUN-2013,10,Communication Services,Internet Content & Information,true
JWL,Jupiter Wagons Limited,NSE,EQ,INE209L01016,18-OCT-2010,10,Industrials,Railroads,true
JYOTHYLAB,Jyothy Labs Limited,NSE,EQ,INE668F01031,19-DEC-2007,1,Consumer Defensive,Household & Personal Products,true
JYOTICNC,Jyoti CNC Automation Limited,NSE,EQ,INE980O01024,16-JAN-2024,2,Industrials,Specialty Industrial Machinery,true
JYOTIRES,Jyoti Resins & Adhesives Limited,NSE,EQ,INE577D01013,17-AUG-2026,10,Basic Materials,Specialty Chemicals,true
JYOTISTRUC,Jyoti Structures Limited,NSE,EQ,INE197A01024,19-JUL-1995,2,Industrials,Specialty Industrial Machinery,true
KABRAEXTRU,Kabra Extrusion Technik Limited,NSE,EQ,INE900B01029,06-SEP-1995,5,Industrials,Specialty Industrial Machinery,true
KAJARIACER,Kajaria Ceramics Limited,NSE,EQ,INE217B01036,01-JUN-2004,1,Industrials,Building Products & Equipment,true
KAKATCEM,Kakatiya Cement Sugar & Industries Limited,NSE,EQ,INE437B01014,13-DEC-1995,10,Basic Materials,Building Materials,true
KALAMANDIR,Sai Silks (Kalamandir) Limited,NSE,EQ,INE438K01021,27-SEP-2023,2,Consumer Cyclical,Apparel Retail,true
KALPATARU,Kalpataru Limited,NSE,EQ,INE227J01012,01-JUL-2025,10,Real Estate,Real Estate - Development,true
KALYANI,Kalyani Commercials Limited,NSE,BE,INE610E01010,13-FEB-2017,10,Consumer Cyclical,Auto & Truck Dealerships,true
KALYANIFRG,Kalyani Forge Limited,NSE,EQ,INE314G01014,20-DEC-2007,10,Consumer Cyclical,Auto Parts,true
KALYANKJIL,Kalyan Jewellers India Limited,NSE,EQ,INE303R01014,26-MAR-2021,10,Consumer Cyclical,Luxury Goods,true
KAMAHOLD,Kama Holdings Limited,NSE,EQ,INE411F01010,20-APR-2026,10,Industrials,Conglomerates,true
KAMANWALA,Kamanwala Housing Construction Limited,NSE,EQ,INE344D01018,17-AUG-2026,10,,,true
KAMATHOTEL,Kamat Hotels (I) Limited,NSE,EQ,INE967C01018,29-MAY-1996,10,Consumer Cyclical,Lodging,true
KAMDHENU,Kamdhenu Limited,NSE,BE,INE390H01020,09-MAY-2006,1,Basic Materials,Steel,true
KAMOPAINTS,Kamdhenu Ventures Limited,NSE,EQ,INE0BTI01037,24-JAN-2023,1,Basic Materials,Steel,true
KANANIIND,Kanani Industries Limited,NSE,EQ,INE879E01037,14-DEC-2011,1,Consumer Cyclical,Luxury Goods,true
KANCHI,Kanchi Karpooram Limited,NSE,EQ,INE081G01019,20-APR-2026,10,Basic Materials,Specialty Chemicals,true
KANCOTEA,Kanco Tea & Industries Limited,NSE,EQ,INE398L01017,17-AUG-2026,10,Consumer Defensive,Farm Products,true
KANORICHEM,Kanoria Chemicals & Industries Limited,NSE,BE,INE138C01024,08-FEB-1995,5,Basic Materials,Chemicals,true
KANPRPLA,Kanpur Plastipack Limited,NSE,EQ,INE694E01014,01-JAN-2021,10,Consumer Cyclical,Packaging & Containers,true
KANSAINER,Kansai Nerolac Paints Limited,NSE,EQ,INE531A01024,15-SEP-2003,1,Basic Materials,Specialty Chemicals,true
KAPSTON,Kapston Services Limited,NSE,EQ,INE542Z01028,27-MAY-2020,5,Industrials,Specialty Business Services,true
KARMAENG,Karma Energy Limited,NSE,EQ,INE725L01011,28-JUN-2011,10,Utilities,Utilities - Renewable,true
KARURVYSYA,Karur Vysya Bank Limited,NSE,EQ,INE036D01028,26-JUL-2000,2,Financial Services,Banks - Regional,true
KAUSHALYA,Kaushalya Infrastructure Development Corporation Limited,NSE,BE,INE234I01028,14-DEC-2007,1000,Industrials,Engineering & Construction,true
KAVDEFENCE,Kavveri Defence & Wireless Technologies Limited,NSE,EQ,INE641C01019,29-JAN-2008,10,Technology,Communication Equipment,true
KAYA,Kaya Limited,NSE,BE,INE587G01015,14-AUG-2015,10,Consumer Defensive,Household & Personal Products,true
KAYNES,Kaynes Technology India Limited,NSE,EQ,INE918Z01012,22-NOV-2022,10,Technology,Electronic Components,true
KCP,KCP Limited,NSE,EQ,INE805C01028,09-APR-1997,1,Basic Materials,Building Materials,true
KCPSUGIND,KCP Sugar and Industries Corporation Limited,NSE,BE,INE790B01024,11-JUN-1997,1,Consumer Defensive,Confectioners,true
KDDL,KDDL Limited,NSE,EQ,INE291D01011,23-MAR-2016,10,Consumer Cyclical,Luxury Goods,true
KEC,KEC International Limited,NSE,EQ,INE389H01022,10-MAR-2006,2,Industrials,Engineering & Construction,true
KECL,Kirloskar Electric Company Limited,NSE,EQ,INE134B01017,09-MAR-2010,10,Industrials,Specialty Industrial Machinery,true
KEEPLEARN,DSJ Keep Learning Limited,NSE,EQ,INE055C01020,01-MAR-1995,1,Consumer Defensive,Education & Training Services,true
KEI,KEI Industries Limited,NSE,EQ,INE878B01027,23-MAR-2006,2,Industrials,Electrical Equipment & Parts,true
KELLTONTEC,Kellton Tech Solutions Limited,NSE,EQ,INE164B01030,02-MAR-2016,1,Technology,Software - Application,true
KENNAMET,Kennametal India Limited,NSE,EQ,INE717A01029,20-APR-2026,10,Industrials,Tools & Accessories,true
KERNEX,Kernex Microsystems (India) Limited,NSE,EQ,INE202H01019,20-DEC-2005,10,Technology,Software - Application,true
KESORAMIND,Kesoram Industries Limited,NSE,BE,INE087A01019,06-SEP-1995,10,Basic Materials,Building Materials,true
KEYFINSERV,Keynote Financial Services Limited,NSE,EQ,INE681C01015,26-JUN-1996,10,Financial Services,Capital Markets,true
KFINTECH,Kfin Technologies Limited,NSE,EQ,INE138Y01010,29-DEC-2022,10,Technology,Software - Application,true
KHADIM,Khadim India Limited,NSE,BE,INE834I01025,14-NOV-2017,10,Consumer Cyclical,Footwear & Accessories,true
KHAICHEM,Khaitan Chemicals & Fertilizers Limited,NSE,EQ,INE745B01028,30-OCT-2020,1,Basic Materials,Agricultural Inputs,true
KHAITANLTD,Khaitan (India) Limited,NSE,EQ,INE731C01018,20-DEC-1995,10,Industrials,Industrial Distribution,true
KHANDSE,Khandwala Securities Limited,NSE,EQ,INE060B01014,07-FEB-2001,10,Financial Services,Capital Markets,true
KICL,Kalyani Investment Company Limited,NSE,EQ,INE029L01018,14-JAN-2011,10,Financial Services,Asset Management,true
KILITCH,Kilitch Drugs (India) Limited,NSE,BE,INE729D01010,29-SEP-2010,10,Healthcare,Drug Manufacturers - Specialty & Generic,true
KIMS,Krishna Institute of Medical Sciences Limited,NSE,EQ,INE967H01025,28-JUN-2021,2,Healthcare,Medical Care Facilities,true
KINGFA,Kingfa Science & Technology (India) Limited,NSE,EQ,INE473D01015,15-NOV-2016,10,Basic Materials,Specialty Chemicals,true
KIOCL,KIOCL Limited,NSE,EQ,INE880L01014,29-NOV-2016,10,Basic Materials,Steel,true
KIRANVYPAR,Kiran Vyapar Limited,NSE,EQ,INE555P01013,20-APR-2026,10,Financial Services,Capital Markets,true
KIRIINDUS,Kiri Industries Limited,NSE,EQ,INE415I01015,22-APR-2008,10,Basic Materials,Specialty Chemicals,true
KIRLFER,Kirloskar Ferrous Industries Limited,NSE,EQ,INE884B01025,20-APR-2026,5,Industrials,Metal Fabrication,true
KIRLOSBROS,Kirloskar Brothers Limited,NSE,EQ,INE732A01036,20-APR-2010,2,Industrials,Specialty Industrial Machinery,true
KIRLOSENG,Kirloskar Oil Engines Limited,NSE,EQ,INE146L01010,24-DEC-2010,2,Industrials,Specialty Industrial Machinery,true
KIRLOSIND,Kirloskar Industries Limited,NSE,EQ,INE250A01039,24-JUN-2010,10,Industrials,Metal Fabrication,true
KIRLPNU,Kirloskar Pneumatic Company Limited,NSE,EQ,INE811A01038,26-APR-2023,1,Industrials,Specialty Industrial Machinery,true
KISSHT,OnEMI Technology Solutions Limited,NSE,EQ,INE12F801023,08-MAY-2026,1,Financial Services,Credit Services,true
KITEX,Kitex Garments Limited,NSE,EQ,INE602G01020,25-SEP-2012,1,Consumer Cyclical,Apparel Manufacturing,true
KJMCFIN,KJMC Financial Services Limited,NSE,EQ,INE533C01018,17-AUG-2026,10,Financial Services,Capital Markets,true
KKCL,Kewal Kiran Clothing Limited,NSE,EQ,INE401H01017,13-APR-2006,10,Consumer Cyclical,Apparel Manufacturing,true
KLBRENG-B,Kilburn Engineering Limited,NSE,EQ,INE338F01015,20-APR-2026,10,Industrials,Specialty Industrial Machinery,true
KMCSHIL,K M C Speciality Hospitals (India) Limited,NSE,EQ,INE879K01018,17-AUG-2026,1,Healthcare,Medical Care Facilities,true
KMEW,Knowledge Marine & Engineering Works Limited,NSE,EQ,INE0CJD01029,14-NOV-2024,5,Industrials,Marine Shipping,true
KMSUGAR,K.M.Sugar Mills Limited,NSE,EQ,INE157H01023,31-MAY-2007,2,Consumer Defensive,Confectioners,true
KNACK,Knack Packaging Limited,NSE,EQ,INE17QZ01016,08-JUL-2026,10,Consumer Cyclical,Packaging & Containers,true
KNAGRI,KN Agri Resources Limited,NSE,EQ,INE0KNW01016,09-DEC-2025,10,Consumer Defensive,Farm Products,true
KNRCON,KNR Constructions Limited,NSE,EQ,INE634I01029,18-FEB-2008,2,Industrials,Engineering & Construction,true
KOHINOOR,Kohinoor Foods Limited,NSE,EQ,INE080B01012,20-OCT-1999,10,Consumer Defensive,Packaged Foods,true
KOKUYOCMLN,Kokuyo Camlin Limited,NSE,EQ,INE760A01029,28-JUL-2008,1,Industrials,Business Equipment & Supplies,true
KOLTEPATIL,Kolte - Patil Developers Limited,NSE,EQ,INE094I01018,13-DEC-2007,10,Real Estate,Real Estate - Development,true
KOPRAN,Kopran Limited,NSE,BE,INE082A01010,09-JUN-1999,10,Healthcare,Drug Manufacturers - General,true
KOTAKBANK,Kotak Mahindra Bank Limited,NSE,EQ,INE237A01036,20-DEC-1995,1,Financial Services,Banks - Regional,true
KOTARISUG,Kothari Sugars And Chemicals Limited,NSE,BE,INE419A01022,13-DEC-2004,10,Consumer Defensive,Confectioners,true
KOTHARIPET,Kothari Petrochemicals Limited,NSE,EQ,INE720A01015,02-NOV-1996,10,Basic Materials,Specialty Chemicals,true
KOTHARIPRO,Kothari Products Limited,NSE,EQ,INE823A01017,03-JUN-1998,10,Industrials,Conglomerates,true
KOTIC,Kothari Industrial Corporation Limited,NSE,EQ,INE972A01020,20-APR-2026,5,Basic Materials,Agricultural Inputs,true
KOTYARK,Kotyark Industries Limited,NSE,BE,INE0J0B01017,12-MAR-2026,10,Basic Materials,Specialty Chemicals,true
KOVAI,Kovai Medical Center & Hospital Limited,NSE,EQ,INE177F01017,20-APR-2026,10,Healthcare,Medical Care Facilities,true
KPEL,K.P. Energy Limited,NSE,EQ,INE127T01021,14-NOV-2024,5,Industrials,Engineering & Construction,true
KPIGREEN,KPI Green Energy Limited,NSE,EQ,INE542W01025,27-JUL-2021,5,Utilities,Utilities - Renewable,true
KPIL,Kalpataru Projects International Limited,NSE,EQ,INE220B01022,15-DEC-2000,2,Industrials,Engineering & Construction,true
KPITTECH,KPIT Technologies Limited,NSE,EQ,INE04I401011,22-APR-2019,10,Technology,Software - Infrastructure,true
KPL,Kwality Pharmaceuticals Limited,NSE,EQ,INE552U01010,20-APR-2026,10,Healthcare,Drug Manufacturers - Specialty & Generic,true
KPRMILL,K.P.R. Mill Limited,NSE,EQ,INE930H01031,28-AUG-2007,1,Consumer Cyclical,Textile Manufacturing,true
KRBL,KRBL Limited,NSE,EQ,INE001B01026,21-JAN-2002,1,Consumer Defensive,Packaged Foods,true
KREBSBIO,Krebs Biochemicals and Industries Limited,NSE,EQ,INE268B01013,03-JAN-1996,10,Healthcare,Drug Manufacturers - Specialty & Generic,true
KRIDHANINF,Kridhan Infra Limited,NSE,BE,INE524L01026,11-DEC-2015,2,Basic Materials,Steel,true
KRISHANA,Krishana Phoschem Limited,NSE,EQ,INE506W01020,22-AUG-2019,2,Basic Materials,Agricultural Inputs,true
KRISHIVAL,Krishival Foods Limited,NSE,EQ,INE0GGO01015,20-JUN-2025,10,Consumer Defensive,Packaged Foods,true
KRISHNADEF,Krishna Defence And Allied Industries Limited,NSE,EQ,INE0J5601015,30-DEC-2025,10,Industrials,Specialty Industrial Machinery,true
KRITI,Kriti Industries (India) Limited,NSE,EQ,INE479D01038,01-NOV-2021,1,Industrials,Building Products & Equipment,true
KRITIKA,Kritika Wires Limited,NSE,EQ,INE00Z501029,04-MAY-2022,2,Basic Materials,Steel,true
KRITINUT,Kriti Nutrients Limited,NSE,EQ,INE798K01010,07-OCT-2022,1,Consumer Defensive,Packaged Foods,true
KRN,KRN Heat Exchanger and Refrigeration Limited,NSE,EQ,INE0Q3J01015,03-OCT-2024,10,Technology,Electronic Components,true
KRONOX,Kronox Lab Sciences Limited,NSE,BE,INE0ATZ01017,10-JUN-2024,10,Basic Materials,Specialty Chemicals,true
KROSS,Kross Limited,NSE,EQ,INE0O6601022,16-SEP-2024,5,Consumer Cyclical,Auto Parts,true
KRSNAA,Krsnaa Diagnostics Limited,NSE,EQ,INE08LI01020,16-AUG-2021,5,Healthcare,Diagnostics & Research,true
KRYSTAL,Krystal Integrated Services Limited,NSE,EQ,INE0QN801017,21-MAR-2024,10,Industrials,Specialty Business Services,true
KSB,Ksb Limited,NSE,EQ,INE999A01023,08-FEB-1995,2,Industrials,Specialty Industrial Machinery,true
KSCL,Kaveri Seed Company Limited,NSE,EQ,INE455I01029,04-OCT-2007,2,Basic Materials,Agricultural Inputs,true
KSE,KSE Limited,NSE,EQ,INE953E01022,17-AUG-2026,1,Consumer Defensive,Packaged Foods,true
KSHINTL,KSH International Limited,NSE,EQ,INE987S01020,23-DEC-2025,5,Industrials,Electrical Equipment & Parts,true
KSHITIJ-RE,Kshitij Polyline Ltd-RE,NSE,BE,INE013820027,27-AUG-2026,2,,,true
KSHITIJPOL,Kshitij Polyline Limited,NSE,EQ,INE013801027,27-JUL-2022,2,Industrials,Business Equipment & Supplies,true
KSL,Kalyani Steels Limited,NSE,EQ,INE907A01026,19-MAY-2010,5,Basic Materials,Steel,true
KSOLVES,Ksolves India Limited,NSE,EQ,INE0D6I01023,23-SEP-2022,5,Technology,Software - Application,true
KSR,KSR Footwear Limited,NSE,EQ,INE1SPP01016,27-NOV-2025,10,Consumer Cyclical,Footwear & Accessories,true
KTKBANK,The Karnataka Bank Limited,NSE,EQ,INE614B01018,10-MAY-2000,10,Financial Services,Banks - Regional,true
KUANTUM,Kuantum Papers Limited,NSE,EQ,INE529I01021,23-OCT-2019,1,Basic Materials,Paper & Paper Products,true
KUSUMGAR,Kusumgar Limited,NSE,EQ,INE0ISX01025,15-JUL-2026,1,Consumer Cyclical,Textile Manufacturing,true
KWIL,Kwality Wall's (India) Limited,NSE,EQ,INE2KCE01013,16-FEB-2026,1,Consumer Defensive,Packaged Foods,true
LADDERUP,Ladderup Finance Limited,NSE,EQ,INE519D01015,17-AUG-2026,10,Financial Services,Capital Markets,true
LAGNAM,Lagnam Spintex Limited,NSE,EQ,INE548Z01017,30-SEP-2021,10,Consumer Cyclical,Textile Manufacturing,true
LAHOTIOV,Lahoti Overseas Limited,NSE,EQ,INE515C01023,20-APR-2026,2,Consumer Cyclical,Textile Manufacturing,true
LAKPRE,Lakshmi Precision Screws Limited,NSE,BZ,INE651C01018,26-SEP-2006,10,Industrials,Tools & Accessories,true
LAKSHMIMIL,Lakshmi Mills Company Limited,NSE,EQ,INE938C01019,17-AUG-2026,100,Consumer Cyclical,Textile Manufacturing,true
LAL,Lorenzini Apparels Limited,NSE,EQ,INE740X01023,10-APR-2023,1,Consumer Cyclical,Apparel Manufacturing,true
LALITHAA,Lalithaa Jewellery Mart Limited,NSE,EQ,INE0K9O01026,24-AUG-2026,5,Consumer Cyclical,Luxury Goods,true
LALPATHLAB,Dr. Lal Path Labs Ltd.,NSE,EQ,INE600L01024,23-DEC-2015,10,Healthcare,Diagnostics & Research,true
LAMBODHARA,Lambodhara Textiles Limited,NSE,EQ,INE112F01022,04-FEB-2015,5,Consumer Cyclical,Textile Manufacturing,true
LANCER,Lancer Container Lines Limited,NSE,EQ,INE359U01028,17-AUG-2026,5,Industrials,Integrated Freight & Logistics,true
LANCORHOL,Lancor Holdings Limited,NSE,EQ,INE572G01025,12-MAR-2024,2,Real Estate,Real Estate - Development,true
LANDMARK,Landmark Cars Limited,NSE,EQ,INE559R01029,23-DEC-2022,5,Consumer Cyclical,Auto & Truck Dealerships,true
LANDSMILL,Landsmill Green Limited,NSE,EQ,INE688J01023,03-AUG-2009,1,Industrials,Conglomerates,true
LAOPALA,La Opala RG Limited,NSE,EQ,INE059D01020,16-MAR-2007,2,Consumer Cyclical,"Furnishings, Fixtures & Appliances",true
LASA,Lasa Supergenerics Limited,NSE,EQ,INE670X01014,21-SEP-2017,10,Healthcare,Drug Manufacturers - Specialty & Generic,true
LASERPOWER,Laser Power & Infra Limited,NSE,EQ,INE17IR01028,16-JUL-2026,5,Industrials,Electrical Equipment & Parts,true
LATENTVIEW,Latent View Analytics Limited,NSE,EQ,INE0I7C01011,23-NOV-2021,1,Industrials,Consulting Services,true
LATTEYS,Latteys Industries Limited,NSE,EQ,INE262Z01023,23-MAY-2023,2,Industrials,Specialty Industrial Machinery,true
LAURUSLABS,Laurus Labs Limited,NSE,EQ,INE947Q01028,19-DEC-2016,2,Healthcare,Drug Manufacturers - Specialty & Generic,true
LAXMICOT,Laxmi Cotspin Limited,NSE,EQ,INE801V01019,12-NOV-2021,10,Consumer Cyclical,Textile Manufacturing,true
LAXMIDENTL,Laxmi Dental Limited,NSE,EQ,INE0WO601020,20-JAN-2025,2,Healthcare,Medical Instruments & Supplies,true
LAXMIINDIA,Laxmi India Finance Limited,NSE,EQ,INE06WU01026,05-AUG-2025,5,Financial Services,Credit Services,true
LCCINFOTEC,LCC Infotech Limited,NSE,EQ,INE938A01021,02-MAR-2000,2,Consumer Defensive,Education & Training Services,true
LCL,Lohia Corp Limited,NSE,EQ,INE0QJW01029,30-JUL-2026,1,Industrials,Specialty Industrial Machinery,true
LEAPIND,LEAP India Limited,NSE,EQ,INE00GO01025,14-AUG-2026,1,Industrials,Integrated Freight & Logistics,true
LEENEE,Lee & Nee Softwares Exports Limited,NSE,EQ,INE791B01014,17-AUG-2026,10,Technology,Information Technology Services,true
LEMERITE,Le Merite Exports Limited,NSE,EQ,INE0G1L01025,12-DEC-2025,2,Consumer Cyclical,Textile Manufacturing,true
LEMONTREE,Lemon Tree Hotels Limited,NSE,EQ,INE970X01018,09-APR-2018,10,Consumer Cyclical,Lodging,true
LENSKART,Lenskart Solutions Limited,NSE,EQ,INE956O01016,10-NOV-2025,2,Healthcare,Medical Instruments & Supplies,true
LEXUS,Lexus Granito (India) Limited,NSE,EQ,INE500X01013,13-MAR-2023,10,Industrials,Building Products & Equipment,true
LFIC,Lakshmi Finance & Industrial Corporation Limited,NSE,EQ,INE850E01012,15-APR-2015,10,Financial Services,Asset Management,true
LGBBROSLTD,LG Balakrishnan & Bros Limited,NSE,EQ,INE337A01034,30-MAR-2010,10,Consumer Cyclical,Auto Parts,true
LGEINDIA,LG Electronics India Limited,NSE,EQ,INE324D01010,14-OCT-2025,10,Technology,Consumer Electronics,true
LGHL,Laxmi Goldorna House Limited,NSE,EQ,INE258Y01016,10-NOV-2023,10,Consumer Cyclical,Luxury Goods,true
LIBAS,Libas Consumer Products Limited,NSE,EQ,INE908V01012,23-JUL-2019,10,Consumer Cyclical,Apparel Manufacturing,true
LIBERTSHOE,Liberty Shoes Limited,NSE,EQ,INE557B01019,27-SEP-1995,10,Consumer Cyclical,Footwear & Accessories,true
LICHSGFIN,LIC Housing Finance Limited,NSE,EQ,INE115A01026,29-JUL-1998,2,Financial Services,Mortgage Finance,true
LICI,Life Insurance Corporation Of India,NSE,EQ,INE0J1Y01017,17-MAY-2022,10,Financial Services,Insurance - Life,true
LIKHITHA,Likhitha Infrastructure Limited,NSE,EQ,INE060901027,15-OCT-2020,5,Energy,Oil & Gas Equipment & Services,true
LINC,Linc Limited,NSE,EQ,INE802B01027,09-MAR-2015,5,Industrials,Business Equipment & Supplies,true
LINCOLN,Lincoln Pharmaceuticals Limited,NSE,EQ,INE405C01035,17-DEC-2015,10,Healthcare,Drug Manufacturers - Specialty & Generic,true
LINDEINDIA,Linde India Limited,NSE,EQ,INE473A01011,16-JUN-1999,10,Basic Materials,Specialty Chemicals,true
LKPSEC,LKP Securities Limited,NSE,EQ,INE341H01023,17-AUG-2026,2,Financial Services,Capital Markets,true
LLOYDSENGG,LLOYDS ENGINEERING WORKS LIMITED,NSE,EQ,INE093R01011,18-JUL-2016,1,Industrials,Specialty Industrial Machinery,true
LLOYDSENT,Lloyds Enterprises Limited,NSE,EQ,INE080I01025,17-OCT-2024,1,Basic Materials,Steel,true
LLOYDSME,Lloyds Metals And Energy Limited,NSE,EQ,INE281B01032,17-JUL-2023,1,Basic Materials,Steel,true
LMW,LMW Limited,NSE,EQ,INE269B01029,29-MAR-1995,10,Industrials,Specialty Industrial Machinery,true
LODHA,Lodha Developers Limited,NSE,EQ,INE670K01029,19-APR-2021,10,Real Estate,Real Estate - Development,true
LOKESHMACH,Lokesh Machines Limited,NSE,BE,INE397H01017,05-MAY-2006,10,Industrials,Specialty Industrial Machinery,true
LORDSCHLO,Lords Chloro Alkali Limited,NSE,EQ,INE846D01012,28-AUG-2023,10,Basic Materials,Chemicals,true
LOTUSCHO,Lotus Chocolate Company Limited,NSE,EQ,INE026D01011,17-AUG-2026,10,Consumer Defensive,Confectioners,true
LOTUSDEV,Sri Lotus Developers and Realty Limited,NSE,BE,INE0V9Q01010,06-AUG-2025,1,Industrials,Engineering & Construction,true
LOTUSEYE,Lotus Eye Hospital and Institute Limited,NSE,EQ,INE947I01017,11-JUL-2008,10,Healthcare,Medical Care Facilities,true
LOVABLE,Lovable Lingerie Limited,NSE,EQ,INE597L01014,24-MAR-2011,10,Consumer Cyclical,Apparel Manufacturing,true
LOYALTEX,Loyal Textile Mills Limited,NSE,EQ,INE970D01010,11-AUG-2022,10,Consumer Cyclical,Textile Manufacturing,true
LPDC,Landmark Property Development Company Limited,NSE,EQ,INE197J01017,12-AUG-2008,1,Real Estate,Real Estate Services,true
LT,Larsen & Toubro Limited,NSE,EQ,INE018A01030,23-JUN-2004,2,Industrials,Engineering & Construction,true
LTF,L&T Finance Limited,NSE,EQ,INE498L01015,12-AUG-2011,10,Financial Services,Credit Services,true
LTFOODS,LT Foods Limited,NSE,EQ,INE818H01020,18-DEC-2006,1,Consumer Defensive,Packaged Foods,true
LTM,LTM Limited,NSE,EQ,INE214T01019,21-JUL-2016,1,Technology,Information Technology Services,true
LTTS,L&T Technology Services Limited,NSE,EQ,INE010V01017,23-SEP-2016,2,Technology,Information Technology Services,true
LUMAXIND,Lumax Industries Limited,NSE,EQ,INE162B01018,06-SEP-1995,10,Consumer Cyclical,Auto Parts,true
LUMAXTECH,Lumax Auto Technologies Limited,NSE,EQ,INE872H01027,16-JAN-2007,2,Consumer Cyclical,Auto Parts,true
LUPIN,Lupin Limited,NSE,EQ,INE326A01037,10-SEP-2001,2,Healthcare,Drug Manufacturers - Specialty & Generic,true
LUXIND,Lux Industries Limited,NSE,EQ,INE150G01020,30-NOV-2015,2,Consumer Cyclical,Apparel Manufacturing,true
LXCHEM,Laxmi Organic Industries Limited,NSE,EQ,INE576O01020,25-MAR-2021,2,Basic Materials,Specialty Chemicals,true
LYKALABS,Lyka Labs Limited,NSE,BE,INE933A01014,08-FEB-1995,10,Healthcare,Biotechnology,true
M&M,Mahindra & Mahindra Limited,NSE,EQ,INE101A01026,03-JAN-1996,5,Consumer Cyclical,Auto Manufacturers,true
M&MFIN,Mahindra & Mahindra Financial Services Limited,NSE,EQ,INE774D01024,17-MAR-2006,2,Financial Services,Credit Services,true
MAANALU,Maan Aluminium Limited,NSE,EQ,INE215I01027,22-OCT-2007,5,Basic Materials,Aluminum,true
MACPOWER,Macpower CNC Machines Limited,NSE,EQ,INE155Z01011,19-AUG-2020,10,Industrials,Specialty Industrial Machinery,true
MADHAV,Madhav Marbles and Granites Limited,NSE,EQ,INE925C01016,20-DEC-2007,10,Industrials,Building Products & Equipment,true
MADHAVIPL,Madhav Infra Projects Limited,NSE,EQ,INE631R01026,20-APR-2026,1,Industrials,Engineering & Construction,true
MADHUCON,Madhucon Projects Limited,NSE,BE,INE378D01032,05-OCT-2006,1,Industrials,Engineering & Construction,true
MADRASFERT,Madras Fertilizers Limited,NSE,EQ,INE414A01015,25-JUL-1997,10,Basic Materials,Agricultural Inputs,true
MAFATIND,Mafatlal Industries Limited,NSE,EQ,INE270B01035,20-APR-2026,2,,,true
MAGADSUGAR,Magadh Sugar & Energy Limited,NSE,EQ,INE347W01011,28-JUL-2017,10,Consumer Defensive,Confectioners,true
MAGNUM,Magnum Ventures Limited,NSE,EQ,INE387I01016,20-SEP-2007,10,Basic Materials,Paper & Paper Products,true
MAHABANK,Bank of Maharashtra,NSE,EQ,INE457A01014,12-APR-2004,10,Financial Services,Banks - Regional,true
MAHAPEXLTD,Maha Rashtra Apex Corporation Limited,NSE,EQ,INE843B01013,21-JAN-1998,10,Financial Services,Credit Services,true
MAHASTEEL,Mahamaya Steel Industries Limited,NSE,BE,INE451L01014,01-JUL-2016,10,Basic Materials,Steel,true
MAHEPC,Mahindra EPC Irrigation Limited,NSE,EQ,INE215D01010,14-FEB-2020,10,Industrials,Farm & Heavy Construction Machinery,true
MAHESHWARI,Maheshwari Logistics Limited,NSE,BE,INE263W01010,15-APR-2019,10,Industrials,Integrated Freight & Logistics,true
MAHLIFE,Mahindra Lifespace Developers Limited,NSE,EQ,INE813A01018,10-MAY-2000,10,Real Estate,Real Estate - Development,true
MAHLOG,Mahindra Logistics Limited,NSE,EQ,INE766P01016,10-NOV-2017,10,Industrials,Integrated Freight & Logistics,true
MAHSCOOTER,Maharashtra Scooters Limited,NSE,EQ,INE288A01013,08-FEB-1995,10,Financial Services,Asset Management,true
MAHSEAMLES,Maharashtra Seamless Limited,NSE,EQ,INE271B01025,25-AUG-2004,5,Basic Materials,Steel,true
MAITHANALL,Maithan Alloys Limited,NSE,EQ,INE683C01011,05-JUL-2011,10,Basic Materials,Steel,true
MAJESAUT,Majestic Auto Limited,NSE,BE,INE201B01022,20-APR-2026,10,Real Estate,Real Estate Services,true
MAKERSL,Makers Laboratories Limited,NSE,EQ,INE987A01010,17-AUG-2026,10,Healthcare,Drug Manufacturers - Specialty & Generic,true
MALLCOM,Mallcom (India) Limited,NSE,EQ,INE389C01015,02-FEB-2022,10,Industrials,Security & Protection Services,true
MALUPAPER,Malu Paper Mills Limited,NSE,EQ,INE383H01017,05-APR-2006,10,Basic Materials,Paper & Paper Products,true
MAMATA,Mamata Machinery Limited,NSE,EQ,INE0TO701015,27-DEC-2024,10,Industrials,Specialty Industrial Machinery,true
MANAKALUCO,Manaksia Aluminium Company Limited,NSE,EQ,INE859Q01017,30-MAR-2015,1,Basic Materials,Aluminum,true
MANAKCOAT,Manaksia Coated Metals & Industries Limited,NSE,EQ,INE830Q01018,30-MAR-2015,1,Industrials,Metal Fabrication,true
MANAKSIA,Manaksia Limited,NSE,EQ,INE015D01022,08-JAN-2008,2,Industrials,Metal Fabrication,true
MANAKSTEEL,Manaksia Steels Limited,NSE,EQ,INE824Q01011,30-MAR-2015,1,Basic Materials,Steel,true
MANALIPETC,Manali Petrochemicals Limited,NSE,EQ,INE201A01024,06-DEC-2006,5,Basic Materials,Specialty Chemicals,true
MANAPPURAM,Manappuram Finance Limited,NSE,EQ,INE522D01027,01-DEC-2014,2,Financial Services,Credit Services,true
MANBA,Manba Finance Limited,NSE,EQ,INE939X01013,30-SEP-2024,10,Financial Services,Credit Services,true
MANBRO,Manbro Industries Limited,NSE,EQ,INE348N01042,17-AUG-2026,1,Consumer Cyclical,Footwear & Accessories,true
MANCREDIT,Mangal Credit and Fincorp Limited,NSE,EQ,INE545L01039,16-AUG-2024,10,Financial Services,Credit Services,true
MANGALAM,Mangalam Drugs And Organics Limited,NSE,EQ,INE584F01014,23-MAY-2005,10,Healthcare,Drug Manufacturers - Specialty & Generic,true
MANGLMCEM,Mangalam Cement Limited,NSE,EQ,INE347A01017,03-JAN-1996,10,Basic Materials,Building Materials,true
MANINDS,Man Industries (India) Limited,NSE,EQ,INE993A01026,24-JUN-2005,5,Basic Materials,Steel,true
MANINFRA,Man Infraconstruction Limited,NSE,EQ,INE949H01023,11-MAR-2010,2,Industrials,Engineering & Construction,true
MANIPALHOS,Manipal Health Enterprises Limited,NSE,EQ,INE459N01021,05-AUG-2026,2,Healthcare,Medical Care Facilities,true
MANKIND,Mankind Pharma Limited,NSE,EQ,INE634S01028,09-MAY-2023,1,Healthcare,Drug Manufacturers - Specialty & Generic,true
MANOMAY,Manomay Tex India Limited,NSE,EQ,INE784W01015,18-JAN-2023,10,Consumer Cyclical,Textile Manufacturing,true
MANORAMA,Manorama Industries Limited,NSE,EQ,INE00VM01036,01-JUL-2022,2,Consumer Defensive,Packaged Foods,true
MANORG,Mangalam Organics Limited,NSE,EQ,INE370D01013,02-NOV-2021,10,Basic Materials,Specialty Chemicals,true
MANUGRAPH,Manugraph India Limited,NSE,BE,INE867A01022,14-SEP-2006,2,Industrials,Specialty Industrial Machinery,true
MANYAVAR,Vedant Fashions Limited,NSE,EQ,INE825V01034,16-FEB-2022,1,Consumer Cyclical,Apparel Manufacturing,true
MAPMYINDIA,C.E. Info Systems Limited,NSE,EQ,INE0BV301023,21-DEC-2021,2,Technology,Software - Infrastructure,true
MARALOVER,Maral Overseas Limited,NSE,EQ,INE882A01013,08-FEB-1995,10,Consumer Cyclical,Textile Manufacturing,true
MARATHON,Marathon Nextgen Realty Limited,NSE,EQ,INE182D01020,29-SEP-2016,5,Real Estate,Real Estate - Development,true
MARICO,Marico Limited,NSE,EQ,INE196A01026,01-MAY-1996,1,Consumer Defensive,Household & Personal Products,true
MARINE,Marine Electricals (India) Limited,NSE,EQ,INE01JE01028,02-DEC-2020,2,Industrials,Electrical Equipment & Parts,true
MARKOLINES,Markolines Pavement Technologies Limited,NSE,EQ,INE0FW001016,14-OCT-2025,10,Industrials,Infrastructure Operations,true
MARKSANS,Marksans Pharma Limited,NSE,EQ,INE750C01026,21-JAN-2002,1,Healthcare,Drug Manufacturers - General,true
MARSONS,Marsons Limited,NSE,EQ,INE415B01044,13-MAR-2026,1,Industrials,Electrical Equipment & Parts,true
MARUTI,Maruti Suzuki India Limited,NSE,EQ,INE585B01010,09-JUL-2003,5,Consumer Cyclical,Auto Manufacturers,true
MASFIN,MAS Financial Services Limited,NSE,EQ,INE348L01012,18-OCT-2017,10,Financial Services,Credit Services,true
MASKINVEST,Mask Investments Limited,NSE,EQ,INE885F01015,14-OCT-2016,10,Financial Services,Capital Markets,true
MASTEK,Mastek Limited,NSE,EQ,INE759A01021,10-MAY-1995,5,Technology,Information Technology Services,true
MASTERTR,Master Trust Limited,NSE,EQ,INE677D01037,12-NOV-2024,1,Financial Services,Capital Markets,true
MATRIMONY,Matrimony.Com Limited,NSE,EQ,INE866R01028,21-SEP-2017,5,Communication Services,Internet Content & Information,true
MAWANASUG,Mawana Sugars Limited,NSE,EQ,INE636A01039,20-MAR-2009,10,Consumer Defensive,Confectioners,true
MAXESTATES,Max Estates Limited,NSE,EQ,INE03EI01018,30-OCT-2023,10,Real Estate,Real Estate - Development,true
MAXHEALTH,Max Healthcare Institute Limited,NSE,EQ,INE027H01010,21-AUG-2020,10,Healthcare,Medical Care Facilities,true
MAXIND,Max India Limited,NSE,EQ,INE0CG601016,28-AUG-2020,10,Healthcare,Medical Care Facilities,true
MAYURUNIQ,Mayur Uniquoters Ltd,NSE,EQ,INE040D01038,25-SEP-2012,5,Consumer Cyclical,Textile Manufacturing,true
MAZDA,Mazda Limited,NSE,BE,INE885E01042,01-NOV-2016,2,Industrials,Specialty Industrial Machinery,true
MAZDOCK,Mazagon Dock Shipbuilders Limited,NSE,EQ,INE249Z01020,12-OCT-2020,5,Industrials,Aerospace & Defense,true
MBAPL,Madhya Bharat Agro Products Limited,NSE,EQ,INE900L01028,22-AUG-2019,2,Basic Materials,Agricultural Inputs,true
MBEL,M & B Engineering Limited,NSE,EQ,INE08N601015,06-AUG-2025,10,Industrials,Engineering & Construction,true
MBLINFRA,MBL Infrastructure Limited,NSE,EQ,INE912H01013,11-JAN-2010,10,Industrials,Engineering & Construction,true
MCCHRLS-B,Mac Charles India Limited,NSE,EQ,INE435D01014,20-APR-2026,10,Industrials,Conglomerates,true
MCL,M TEK COPPER LIMITED,NSE,EQ,INE813V01022,19-AUG-2020,5,Basic Materials,Copper,true
MCLEODRUSS,Mcleod Russel India Limited,NSE,EQ,INE942G01012,29-JUL-2005,5,Consumer Defensive,Packaged Foods,true
MCLOUD,Magellanic Cloud Limited,NSE,EQ,INE613C01026,07-FEB-2025,2,Technology,Information Technology Services,true
MCX,Multi Commodity Exchange of India Limited,NSE,EQ,INE745G01043,09-MAR-2012,2,Financial Services,Financial Data & Stock Exchanges,true
MEDANTA,Global Health Limited,NSE,EQ,INE474Q01031,16-NOV-2022,2,Healthcare,Medical Care Facilities,true
MEDIASSIST,Medi Assist Healthcare Services Limited,NSE,EQ,INE456Z01021,23-JAN-2024,5,Healthcare,Healthcare Plans,true
MEDICAMEQ,Medicamen Biotech Limited,NSE,EQ,INE646B01010,27-OCT-2021,10,Healthcare,Drug Manufacturers - Specialty & Generic,true
MEDICAPQ,Medi Caps Limited,NSE,EQ,INE442D01010,17-AUG-2026,10,Real Estate,Real Estate - Diversified,true
MEDICO,Medico Remedies Limited,NSE,EQ,INE630Y01024,26-MAY-2022,2,Healthcare,Drug Manufacturers - Specialty & Generic,true
MEDPLUS,Medplus Health Services Limited,NSE,EQ,INE804L01022,23-DEC-2021,2,Healthcare,Pharmaceutical Retailers,true
MEESHO,Meesho Limited,NSE,EQ,INE0VDM01015,10-DEC-2025,1,Consumer Cyclical,Internet Retail,true
MEGASTAR,Megastar Foods Limited,NSE,EQ,INE00EM01016,16-FEB-2022,10,Consumer Defensive,Packaged Foods,true
MEIL,Mangal Electrical Industries Limited,NSE,EQ,INE0PKD01011,28-AUG-2025,10,Industrials,Electrical Equipment & Parts,true
MENNPIS,Menon Pistons Limited,NSE,EQ,INE650G01029,20-APR-2026,1,Consumer Cyclical,Auto Parts,true
MENONBE,Menon Bearings Limited,NSE,BE,INE071D01033,09-MAR-2015,1,Consumer Cyclical,Auto Parts,true
MEP,MEP Infrastructure Developers Limited,NSE,BZ,INE776I01010,06-MAY-2015,10,Industrials,Infrastructure Operations,true
MERCANTILE,Mercantile Ventures Limited,NSE,EQ,INE689O01013,20-APR-2026,10,Real Estate,Real Estate Services,true
MERCURYEV,Mercury Ev-Tech Limited,NSE,EQ,INE763M01028,02-JUN-2026,1,Consumer Cyclical,Auto Manufacturers,true
METROBRAND,Metro Brands Limited,NSE,EQ,INE317I01021,22-DEC-2021,5,Consumer Cyclical,Apparel Retail,true
METROGLOBL,Metroglobal Limited,NSE,EQ,INE085D01033,20-APR-2026,10,Industrials,Conglomerates,true
METROPOLIS,Metropolis Healthcare Limited,NSE,EQ,INE112L01020,15-APR-2019,2,Healthcare,Diagnostics & Research,true
MFML,Mahalaxmi Fabric Mills Limited,NSE,EQ,INE0US801024,27-AUG-2024,10,Consumer Cyclical,Textile Manufacturing,true
MFSL,Max Financial Services Limited,NSE,EQ,INE180A01020,17-MAY-2000,2,Financial Services,Insurance - Life,true
MGEL,Mangalam Global Enterprise Limited,NSE,BE,INE0APB01032,23-DEC-2020,1,Consumer Defensive,Farm Products,true
MGL,Mahanagar Gas Limited,NSE,EQ,INE002S01010,01-JUL-2016,10,Utilities,Utilities - Regulated Gas,true
MHLXMIRU,Mahalaxmi Rubtech Limited,NSE,BE,INE112D01035,27-JAN-2022,10,Consumer Cyclical,Textile Manufacturing,true
MHRIL,Mahindra Holidays & Resorts India Limited,NSE,EQ,INE998I01010,16-JUL-2009,10,Consumer Cyclical,Resorts & Casinos,true
MICEL,MIC Electronics Limited,NSE,BE,INE287C01037,17-DEC-2021,2,Technology,Electronic Components,true
MIDHANI,Mishra Dhatu Nigam Limited,NSE,EQ,INE099Z01011,04-APR-2018,10,Basic Materials,Steel,true
MIDWESTLTD,Midwest Limited,NSE,EQ,INE0XAD01024,24-OCT-2025,5,Basic Materials,Building Materials,true
MIIL,Meghna Infracon Infrastructure Limited,NSE,EQ,INE898Q01015,17-AUG-2026,10,Real Estate,Real Estate - Development,true
MILKYMIST,Milky Mist Dairy Food Limited,NSE,EQ,INE00IT01020,18-AUG-2026,2,Consumer Defensive,Packaged Foods,true
MINALIND,Minal Industries Limited,NSE,BE,INE097E01028,17-AUG-2026,2,Consumer Cyclical,Luxury Goods,true
MINDACORP,Minda Corporation Limited,NSE,EQ,INE842C01021,16-OCT-2014,2,Consumer Cyclical,Auto Parts,true
MINDTECK,Mindteck (India) Limited,NSE,EQ,INE110B01017,02-AUG-2016,10,Technology,Information Technology Services,true
MIRZAINT,Mirza International Limited,NSE,EQ,INE771A01026,28-APR-1999,2,Consumer Cyclical,Footwear & Accessories,true
MITCON,MITCON Consultancy & Engineering Services Limited,NSE,BE,INE828O01033,17-MAR-2022,10,Industrials,Engineering & Construction,true
MITTAL,Mittal Life Style Limited,NSE,EQ,INE997Y01027,29-APR-2020,1,Consumer Cyclical,Textile Manufacturing,true
MKEXIM,M.K. Exim (India) Limited,NSE,EQ,INE227F01010,17-AUG-2026,10,Consumer Defensive,Household & Personal Products,true
MKPL,M K Proteins Limited,NSE,EQ,INE964W01021,13-JUN-2023,1,Consumer Defensive,Packaged Foods,true
MLKFOOD,Milkfood Limited,NSE,EQ,INE588G01021,17-AUG-2026,5,Consumer Defensive,Packaged Foods,true
MMFL,MM Forgings Limited,NSE,EQ,INE227C01017,20-DEC-2006,10,Industrials,Metal Fabrication,true
MMP,MMP Industries Limited,NSE,EQ,INE511Y01018,09-JAN-2020,10,Basic Materials,Aluminum,true
MMTC,MMTC Limited,NSE,EQ,INE123F01029,09-APR-2012,1,Industrials,Conglomerates,true
MMWL,Media Matrix Worldwide Limited,NSE,EQ,INE200D01020,20-APR-2026,1,Communication Services,Entertainment,true
MOBIKWIK,One Mobikwik Systems Limited,NSE,EQ,INE0HLU01028,18-DEC-2024,2,Technology,Software - Infrastructure,true
MODINATUR,Modi Naturals Limited,NSE,BE,INE537F01012,11-DEC-2025,10,Consumer Defensive,Packaged Foods,true
MODIRUBBER,Modi Rubber Limited,NSE,EQ,INE832A01018,07-FEB-1996,10,Real Estate,Real Estate Services,true
MODIS,Modis Navnirman Limited,NSE,EQ,INE0L0L01012,14-NOV-2025,10,Real Estate,Real Estate - Development,true
MODISONLTD,MODISON LIMITED,NSE,BE,INE737D01021,03-MAY-2021,1,Industrials,Electrical Equipment & Parts,true
MODTHREAD,Modern Threads (India) Limited,NSE,EQ,INE794W01014,22-NOV-1995,10,Consumer Cyclical,Textile Manufacturing,true
MOHITE,Mohite Industries Limited,NSE,EQ,INE154B01023,17-AUG-2026,1,Consumer Cyclical,Textile Manufacturing,true
MOHITIND,Mohit Industries Limited,NSE,EQ,INE954E01012,14-MAR-2013,10,Consumer Cyclical,Textile Manufacturing,true
MOIL,MOIL Limited,NSE,EQ,INE490G01020,15-DEC-2010,10,Basic Materials,Other Industrial Metals & Mining,true
MOKSH,Moksh Ornaments Limited,NSE,EQ,INE514Y01020,21-MAY-2021,2,Consumer Cyclical,Luxury Goods,true
MOL,Meghmani Organics Limited,NSE,EQ,INE0CT101020,18-AUG-2021,1,Basic Materials,Agricultural Inputs,true
MOLBIO,Molbio Diagnostics Limited,NSE,EQ,INE869T01028,17-AUG-2026,1,Healthcare,Medical Devices,true
MOLDTECH,Mold-Tek Technologies Limited,NSE,BE,INE835B01035,07-JUL-2016,2,Industrials,Engineering & Construction,true
MOLDTKPAC,Mold-Tek Packaging Limited,NSE,EQ,INE893J01029,23-FEB-2015,5,Consumer Cyclical,Packaging & Containers,true
MONARCH,Monarch Networth Capital Limited,NSE,EQ,INE903D01011,06-JAN-2022,10,Financial Services,Capital Markets,true
MONEYBOXX,Moneyboxx Finance Limited,NSE,EQ,INE296Q01012,15-OCT-2025,10,Financial Services,Credit Services,true
MONTECARLO,Monte Carlo Fashions Limited,NSE,EQ,INE950M01013,19-DEC-2014,10,Consumer Cyclical,Apparel Manufacturing,true
MOREPENLAB,Morepen Laboratories Limited,NSE,EQ,INE083A01026,24-NOV-1999,2,Healthcare,Drug Manufacturers - Specialty & Generic,true
MOSCHIP,Moschip Technologies Limited,NSE,EQ,INE935B01025,05-FEB-2025,2,Technology,Semiconductor Equipment & Materials,true
MOTHERSON,Samvardhana Motherson International Limited,NSE,EQ,INE775A01035,14-AUG-1996,1,Consumer Cyclical,Auto Parts,true
MOTILALOFS,Motilal Oswal Financial Services Limited,NSE,EQ,INE338I01027,11-SEP-2007,1,Financial Services,Capital Markets,true
MOTISONS,Motisons Jewellers Limited,NSE,EQ,INE0FRK01020,26-DEC-2023,1,Consumer Cyclical,Luxury Goods,true
MOTOGENFIN,The Motor & General Finance Limited,NSE,BE,INE861B01023,08-FEB-1995,5,Real Estate,Real Estate Services,true
MPDL,MPDL Limited,NSE,BE,INE493H01014,17-AUG-2026,10,Real Estate,Real Estate - Development,true
MPHASIS,MphasiS Limited,NSE,EQ,INE356A01018,04-JUN-2004,10,Technology,Information Technology Services,true
MPSLTD,MPS Limited,NSE,EQ,INE943D01017,21-JAN-2002,10,Communication Services,Publishing,true
MRF,MRF Limited,NSE,EQ,INE883A01011,18-SEP-1996,10,Consumer Cyclical,Auto Parts,true
MRPL,Mangalore Refinery and Petrochemicals Limited,NSE,EQ,INE103A01014,07-JAN-2005,10,Energy,Oil & Gas Refining & Marketing,true
MSL,Mangalam Seeds Limited,NSE,EQ,INE829S01016,17-AUG-2026,10,Basic Materials,Agricultural Inputs,true
MSPL,MSP Steel & Power Limited,NSE,EQ,INE752G01015,18-JUL-2005,10,Basic Materials,Steel,true
MSTCLTD,Mstc Limited,NSE,EQ,INE255X01014,29-MAR-2019,10,Industrials,Conglomerates,true
MSUMI,Motherson Sumi Wiring India Limited,NSE,EQ,INE0FS801015,28-MAR-2022,1,Consumer Cyclical,Auto Parts,true
MTARTECH,Mtar Technologies Limited,NSE,BE,INE864I01014,15-MAR-2021,10,Industrials,Specialty Industrial Machinery,true
MTEDUCARE,MT Educare Limited,NSE,BE,INE472M01018,12-APR-2012,10,Consumer Defensive,Education & Training Services,true
MTNL,Mahanagar Telephone Nigam Limited,NSE,EQ,INE153A01019,17-FEB-1999,10,Communication Services,Telecom Services,true
MUFIN,Mufin Green Finance Limited,NSE,EQ,INE08KJ01020,06-NOV-2023,1,Financial Services,Credit Services,true
MUFTI,Credo Brands Marketing Limited,NSE,EQ,INE220Q01020,27-DEC-2023,2,Consumer Cyclical,Apparel Retail,true
MUKANDLTD,Mukand Limited,NSE,EQ,INE304A01026,23-FEB-2004,10,Basic Materials,Steel,true
MUKESHB,Mukesh Babu Financial Services Limited,NSE,EQ,INE596B01017,17-AUG-2026,10,Financial Services,Capital Markets,true
MUKKA,Mukka Proteins Limited,NSE,EQ,INE0CG401037,07-MAR-2024,1,Consumer Defensive,Packaged Foods,true
MUKTAARTS,Mukta Arts Limited,NSE,BE,INE374B01019,12-SEP-2000,5,Communication Services,Entertainment,true
MUNJALAU,Munjal Auto Industries Limited,NSE,EQ,INE672B01032,19-JUL-2006,2,Consumer Cyclical,Auto Parts,true
MUNJALSHOW,Munjal Showa Limited,NSE,EQ,INE577A01027,12-MAY-2003,2,Consumer Cyclical,Auto Parts,true
MURUDCERA,Murudeshwar Ceramics Limited,NSE,EQ,INE692B01014,28-MAY-2004,10,Industrials,Building Products & Equipment,true
MUTHOOTCAP,Muthoot Capital Services Limited,NSE,EQ,INE296G01013,24-AUG-2015,10,Financial Services,Credit Services,true
MUTHOOTFIN,Muthoot Finance Limited,NSE,EQ,INE414G01012,06-MAY-2011,10,Financial Services,Credit Services,true
MUTHOOTMF,Muthoot Microfin Limited,NSE,EQ,INE046W01019,26-DEC-2023,10,Financial Services,Credit Services,true
MVELECTRO,MV Electrosystems Limited,NSE,EQ,INE0OWZ01020,06-AUG-2026,5,Industrials,Electrical Equipment & Parts,true
MVGJL,Manoj Vaibhav Gems N Jewellers Limited,NSE,EQ,INE0KNT01012,03-OCT-2023,10,Consumer Cyclical,Luxury Goods,true
MWL,Mangalam Worldwide Limited,NSE,EQ,INE0JYY01029,18-SEP-2025,1,Basic Materials,Steel,true
MYSORPETRO,Mysore Petro Chemicals Limited,NSE,BE,INE741A01011,17-AUG-2026,10,Basic Materials,Chemicals,true
NACLIND,NACL Industries Limited,NSE,EQ,INE295D01020,07-APR-2017,1,Basic Materials,Agricultural Inputs,true
NAGREEKCAP,Nagreeka Capital & Infrastructure Limited,NSE,EQ,INE245I01016,18-SEP-2007,5,Financial Services,Asset Management,true
NAGREEKEXP,Nagreeka Exports Limited,NSE,EQ,INE123B01028,18-JUN-2007,5,Consumer Cyclical,Textile Manufacturing,true
NAHARCAP,Nahar Capital and Financial Services Limited,NSE,EQ,INE049I01012,11-MAR-2008,5,Financial Services,Capital Markets,true
NAHARINDUS,Nahar Industrial Enterprises Limited,NSE,EQ,INE289A01011,15-DEC-2005,10,Consumer Cyclical,Textile Manufacturing,true
NAHARPOLY,Nahar Poly Films Limited,NSE,EQ,INE308A01027,23-MAR-2007,5,Consumer Cyclical,Packaging & Containers,true
NAHARSPING,Nahar Spinning Mills Limited,NSE,EQ,INE290A01027,23-MAR-2007,5,Consumer Cyclical,Textile Manufacturing,true
NAM-INDIA,Nippon Life India Asset Management Limited,NSE,EQ,INE298J01013,06-NOV-2017,10,Financial Services,Asset Management,true
NARMADA,Narmada Agrobase Limited,NSE,EQ,INE117Z01029,27-OCT-2022,5,Basic Materials,Agricultural Inputs,true
NATCAPSUQ,Natural Capsules Limited,NSE,EQ,INE936B01015,14-FEB-2025,10,Healthcare,Drug Manufacturers - Specialty & Generic,true
NATCOPHARM,Natco Pharma Limited,NSE,EQ,INE987B01026,27-DEC-1995,2,Healthcare,Drug Manufacturers - Specialty & Generic,true
NATHBIOGEN,Nath Bio-Genes (India) Limited,NSE,EQ,INE448G01010,28-JAN-2014,10,Basic Materials,Agricultural Inputs,true
NATIONALUM,National Aluminium Company Limited,NSE,EQ,INE139A01034,28-APR-1999,5,Basic Materials,Aluminum,true
NATIONSTD,National Standard (India) Limited,NSE,EQ,INE166R01015,20-APR-2026,10,Real Estate,Real Estate - Development,true
NAUKRI,Info Edge (India) Limited,NSE,EQ,INE663F01032,21-NOV-2006,2,Communication Services,Internet Content & Information,true
NAVA,NAVA LIMITED,NSE,EQ,INE725A01030,03-APR-1996,1,Industrials,Conglomerates,true
NAVINFLUOR,Navin Fluorine International Limited,NSE,EQ,INE048G01026,01-JUN-2007,2,Basic Materials,Chemicals,true
NAVKARCORP,Navkar Corporation Limited,NSE,EQ,INE278M01019,09-SEP-2015,10,Industrials,Integrated Freight & Logistics,true
NAVKARURB,Navkar Urbanstructure Limited,NSE,BE,INE268H01044,17-JAN-2025,1,Basic Materials,Building Materials,true
NAVNETEDUL,Navneet Education Limited,NSE,EQ,INE060A01024,08-FEB-1995,2,Communication Services,Publishing,true
NAZARA,Nazara Technologies Limited,NSE,EQ,INE418L01047,30-MAR-2021,2,Communication Services,Electronic Gaming & Multimedia,true
NBCC,NBCC (India) Limited,NSE,EQ,INE095N01031,12-APR-2012,1,Industrials,Engineering & Construction,true
NBIFIN,N. B. I. Industrial Finance Company Limited,NSE,EQ,INE365I01020,23-NOV-2016,5,Financial Services,Capital Markets,true
NCC,NCC Limited,NSE,EQ,INE868B01028,14-OCT-2003,2,Industrials,Engineering & Construction,true
NCLIND,NCL Industries Limited,NSE,EQ,INE732C01016,03-APR-2007,10,Basic Materials,Building Materials,true
NDGL,Naga Dhunseri Group Limited,NSE,EQ,INE756C01015,29-AUG-2016,10,Financial Services,Capital Markets,true
NDL,Nandan Denim Limited,NSE,EQ,INE875G01048,23-MAR-2012,1,Consumer Cyclical,Textile Manufacturing,true
NDLVENTURE,NDL Ventures Limited,NSE,EQ,INE353A01023,24-APR-2007,10,Communication Services,Entertainment,true
NDRAUTO,Ndr Auto Components Limited,NSE,EQ,INE07OG01012,30-JUL-2020,10,Consumer Cyclical,Auto Parts,true
NDTV,New Delhi Television Limited,NSE,EQ,INE155G01029,19-MAY-2004,4,Communication Services,Broadcasting,true
NEAGI,Neelamalai Agro Industries Limited,NSE,EQ,INE605D01012,20-APR-2026,10,Consumer Defensive,Farm Products,true
NECCLTD,North Eastern Carrying Corporation Limited,NSE,BE,INE553C01016,02-MAR-2016,10,Industrials,Trucking,true
NECLIFE,Nectar Lifesciences Limited,NSE,EQ,INE023H01027,18-JUL-2005,1,Healthcare,Drug Manufacturers - Specialty & Generic,true
NELCAST,Nelcast Limited,NSE,EQ,INE189I01024,27-JUN-2007,2,Industrials,Metal Fabrication,true
NELCO,NELCO Limited,NSE,EQ,INE045B01015,28-MAY-2003,10,Technology,Communication Equipment,true
NEOGEN,Neogen Chemicals Limited,NSE,EQ,INE136S01016,08-MAY-2019,10,Basic Materials,Specialty Chemicals,true
NEPHROPLUS,Nephrocare Health Services Limited,NSE,EQ,INE428V01029,17-DEC-2025,2,Healthcare,Medical Care Facilities,true
NESCO,Nesco Limited,NSE,EQ,INE317F01035,08-APR-2008,2,Industrials,Conglomerates,true
NESTLEIND,Nestle India Limited,NSE,EQ,INE239A01024,01-AUG-2023,1,Consumer Defensive,Packaged Foods,true
NETWEB,Netweb Technologies India Limited,NSE,EQ,INE0NT901020,27-JUL-2023,2,Technology,Computer Hardware,true
NETWORK18,Network18 Media & Investments Limited,NSE,EQ,INE870H01013,02-FEB-2007,5,Communication Services,Entertainment,true
NEUEON,Neueon Corporation Limited,NSE,BE,INE333I01044,11-SEP-2013,1,Basic Materials,Steel,true
NEULANDLAB,Neuland Laboratories Limited,NSE,EQ,INE794A01010,13-OCT-2008,10,Healthcare,Drug Manufacturers - Specialty & Generic,true
NEWGEN,Newgen Software Technologies Limited,NSE,EQ,INE619B01017,29-JAN-2018,10,Technology,Software - Infrastructure,true
NEXTMEDIA,Next Mediaworks Limited,NSE,EQ,INE747B01016,04-APR-2001,10,Communication Services,Broadcasting,true
NFL,National Fertilizers Limited,NSE,EQ,INE870D01012,28-DEC-2006,10,Basic Materials,Agricultural Inputs,true
NGIL,Nakoda Group of Industries Limited,NSE,EQ,INE236Y01012,20-AUG-2021,10,Consumer Defensive,Packaged Foods,true
NGLFINE,NGL Fine-Chem Limited,NSE,EQ,INE887E01022,08-JUL-2022,5,Healthcare,Drug Manufacturers - General,true
NH,Narayana Hrudayalaya Ltd.,NSE,EQ,INE410P01011,06-JAN-2016,10,Healthcare,Medical Care Facilities,true
NHPC,NHPC Limited,NSE,EQ,INE848E01016,01-SEP-2009,10,Utilities,Utilities - Renewable,true
NIACL,The New India Assurance Company Limited,NSE,EQ,INE470Y01017,13-NOV-2017,5,Financial Services,Insurance - Diversified,true
NIBE,NIBE Limited,NSE,EQ,INE149O01018,07-FEB-2025,10,Industrials,Conglomerates,true
NIBL,NRB Industrial Bearings Limited,NSE,EQ,INE047O01014,09-APR-2013,2,Industrials,Tools & Accessories,true
NICCOPAR,Nicco Parks & Resorts Limited,NSE,EQ,INE653C01022,17-AUG-2026,1,Consumer Cyclical,Leisure,true
NIITLTD,NIIT Limited,NSE,EQ,INE161A01038,16-AUG-2004,2,Consumer Defensive,Education & Training Services,true
NIITMTS,NIIT Learning Systems Limited,NSE,EQ,INE342G01023,08-AUG-2023,2,Consumer Defensive,Education & Training Services,true
NILAINFRA,Nila Infrastructures Limited,NSE,EQ,INE937C01029,21-MAY-2015,1,Real Estate,Real Estate - Development,true
NILASPACES,Nila Spaces Limited,NSE,EQ,INE00S901012,28-DEC-2018,1,Real Estate,Real Estate - Development,true
NILE,Nile Limited,NSE,EQ,INE445D01013,20-APR-2026,10,Basic Materials,Other Industrial Metals & Mining,true
NILKAMAL,Nilkamal Limited,NSE,EQ,INE310A01015,01-NOV-1995,10,Consumer Cyclical,"Furnishings, Fixtures & Appliances",true
NIMBSPROJ,Nimbus Projects Limited,NSE,EQ,INE875B01015,06-APR-2026,10,,,true
NINSYS,NINtec Systems Limited,NSE,EQ,INE395U01014,21-FEB-2023,10,Technology,Information Technology Services,true
NIPPOBATRY,Indo-National Limited,NSE,EQ,INE567A01028,06-OCT-1999,5,Industrials,Electrical Equipment & Parts,true
NIRAJ,Niraj Cement Structurals Limited,NSE,EQ,INE368I01016,01-OCT-2020,10,Industrials,Engineering & Construction,true
NIRAJISPAT,Niraj Ispat Industries Limited,NSE,EQ,INE326T01011,27-OCT-2016,10,Consumer Cyclical,Apparel Manufacturing,true
NIRLON,Nirlon Limited,NSE,EQ,INE910A01012,20-APR-2026,10,Real Estate,Real Estate Services,true
NITCO,Nitco Limited,NSE,EQ,INE858F01012,21-MAR-2006,10,Industrials,Building Products & Equipment,true
NITINSPIN,Nitin Spinners Limited,NSE,EQ,INE229H01012,02-FEB-2006,10,Consumer Cyclical,Textile Manufacturing,true
NITIRAJ,Nitiraj Engineers Limited,NSE,EQ,INE439T01012,22-APR-2021,10,Technology,Scientific & Technical Instruments,true
NITTAGELA,Nitta Gelatin India Limited,NSE,EQ,INE265B01019,20-APR-2026,10,Basic Materials,Specialty Chemicals,true
NIVABUPA,Niva Bupa Health Insurance Company Limited,NSE,EQ,INE995S01015,14-NOV-2024,10,Financial Services,Insurance - Life,true
NKIND,NK Industries Limited,NSE,EQ,INE542C01019,07-JUL-1995,10,Consumer Defensive,Household & Personal Products,true
NLCINDIA,NLC India Limited,NSE,EQ,INE589A01014,23-AUG-2000,10,Utilities,Utilities - Regulated Electric,true
NMDC,NMDC Limited,NSE,EQ,INE584A01023,03-MAR-2008,1,Basic Materials,Steel,true
NOCIL,NOCIL Limited,NSE,EQ,INE163A01018,17-JAN-1996,10,Basic Materials,Specialty Chemicals,true
NOIDATOLL,Noida Toll Bridge Company Limited,NSE,EQ,INE781B01015,06-DEC-2002,10,Industrials,Infrastructure Operations,true
NORBTEAEXP,Norben Tea & Exports Limited,NSE,EQ,INE369C01017,26-JUN-1996,10,Consumer Defensive,Farm Products,true
NORTHARC,Northern Arc Capital Limited,NSE,EQ,INE850M01015,24-SEP-2024,10,Financial Services,Credit Services,true
NOVAAGRI,Nova Agritech Limited,NSE,BE,INE02H701025,31-JAN-2024,2,Basic Materials,Agricultural Inputs,true
NOVARTIND,Novartis India Limited,NSE,EQ,INE234A01025,20-APR-2026,5,Healthcare,Drug Manufacturers - Specialty & Generic,true
NPST,Network People Services Technologies Limited,NSE,EQ,INE0FFK01017,30-APR-2025,10,Technology,Software - Application,true
NRAIL,N R Agarwal Industries Limited,NSE,EQ,INE740D01017,05-APR-2017,10,Basic Materials,Paper & Paper Products,true
NRBBEARING,NRB Bearing Limited,NSE,EQ,INE349A01021,08-MAR-2000,2,Consumer Cyclical,Auto Parts,true
NRL,Nupur Recyclers Limited,NSE,BE,INE0JM501013,12-JAN-2023,10,Industrials,Waste Management,true
NSIL,Nalwa Sons Investments Limited,NSE,EQ,INE023A01030,17-NOV-2003,10,Financial Services,Asset Management,true
NSLNISP,NMDC Steel Limited,NSE,EQ,INE0NNS01018,20-FEB-2023,10,Basic Materials,Steel,true
NTCIND,NTC Industries Limited,NSE,EQ,INE920C01017,17-AUG-2026,10,Consumer Defensive,Tobacco,true
NTPC,NTPC Limited,NSE,EQ,INE733E01010,05-NOV-2004,10,Utilities,Utilities - Regulated Electric,true
NTPCGREEN,NTPC Green Energy Limited,NSE,EQ,INE0ONG01011,27-NOV-2024,10,Utilities,Utilities - Renewable,true
NUCLEUS,Nucleus Software Exports Limited,NSE,EQ,INE096B01018,19-DEC-2002,10,Technology,Software - Application,true
NURECA,Nureca Limited,NSE,BE,INE0DSF01015,25-FEB-2021,10,Healthcare,Medical Devices,true
NUVAMA,Nuvama Wealth Management Limited,NSE,EQ,INE531F01023,26-SEP-2023,2,Financial Services,Asset Management,true
NUVOCO,Nuvoco Vistas Corporation Limited,NSE,EQ,INE118D01016,23-AUG-2021,10,Basic Materials,Building Materials,true
NYKAA,FSN E-Commerce Ventures Limited,NSE,EQ,INE388Y01029,10-NOV-2021,1,Consumer Cyclical,Internet Retail,true
OAL,Oriental Aromatics Limited,NSE,EQ,INE959C01023,11-JUL-2019,5,Basic Materials,Specialty Chemicals,true
OBCL,OBCL Limited,NSE,EQ,INE426Z01016,07-APR-2022,10,Industrials,Trucking,true
OBEROIRLTY,Oberoi Realty Limited,NSE,EQ,INE093I01010,20-OCT-2010,10,Real Estate,Real Estate - Development,true
OCCLLTD,OCCL Limited,NSE,BE,INE0PK601023,29-OCT-2024,2,Basic Materials,Chemicals,true
ODIGMA,Odigma Consultancy Solutions Limited,NSE,EQ,INE054301028,12-DEC-2024,1,Communication Services,Advertising Agencies,true
ODYCORP,Odyssey Corporation Limited,NSE,EQ,INE839E01023,17-AUG-2026,5,Financial Services,Capital Markets,true
OFSS,Oracle Financial Services Software Limited,NSE,EQ,INE881D01027,28-JUN-2002,5,Technology,Software - Infrastructure,true
OIL,Oil India Limited,NSE,EQ,INE274J01014,30-SEP-2009,10,Energy,Oil & Gas Integrated,true
OILCOUNTUB,Oil Country Tubular Limited,NSE,BE,INE591A01010,30-AUG-1995,10,Energy,Oil & Gas Equipment & Services,true
OLAELEC,Ola Electric Mobility Limited,NSE,EQ,INE0LXG01040,09-AUG-2024,10,Consumer Cyclical,Auto Manufacturers,true
OLECTRA,Olectra Greentech Limited,NSE,EQ,INE260D01016,20-MAR-2002,4,Industrials,Farm & Heavy Construction Machinery,true
OMAXAUTO,Omax Autos Limited,NSE,EQ,INE090B01011,20-FEB-2003,10,Consumer Cyclical,Auto Parts,true
OMAXE,Omaxe Limited,NSE,EQ,INE800H01010,09-AUG-2007,10,Real Estate,Real Estate - Development,true
OMFREIGHT,Om Freight Forwarders Limited,NSE,BE,INE1BZC01019,08-OCT-2025,10,Industrials,Integrated Freight & Logistics,true
OMINFRAL,OM INFRA LIMITED,NSE,EQ,INE239D01028,17-JUN-2011,1,Industrials,Engineering & Construction,true
OMNI,Omnitech Engineering Limited,NSE,EQ,INE0UH301010,05-MAR-2026,5,Industrials,Specialty Industrial Machinery,true
OMPOWER,Om Power Transmission Limited,NSE,EQ,INE25E901019,17-APR-2026,10,Industrials,Engineering & Construction,true
ONEGLOBAL,One Global Service Provider Limited,NSE,EQ,INE670O01013,17-AUG-2026,10,Healthcare,Pharmaceutical Retailers,true
ONELIFECAP,Onelife Capital Advisors Limited,NSE,BE,INE912L01015,17-OCT-2011,10,Financial Services,Capital Markets,true
ONEPOINT,One Point One Solutions Limited,NSE,EQ,INE840Y01029,09-MAY-2019,2,Industrials,Specialty Business Services,true
ONESOURCE,Onesource Specialty Pharma Limited,NSE,EQ,INE013P01021,24-JAN-2025,1,Healthcare,Biotechnology,true
ONGC,Oil & Natural Gas Corporation Limited,NSE,EQ,INE213A01029,19-JUL-1995,5,Energy,Oil & Gas Integrated,true
ONIDA,Onida Electronics Limited,NSE,EQ,INE831A01028,24-MAY-2004,1,Consumer Cyclical,"Furnishings, Fixtures & Appliances",true
ONIXSOLAR,Onix Solar Energy Limited,NSE,EQ,INE173M01012,17-AUG-2026,10,Technology,Solar,true
ONMOBILE,OnMobile Global Limited,NSE,BE,INE809I01019,19-FEB-2008,10,Communication Services,Telecom Services,true
ONWARDTEC,Onward Technologies Limited,NSE,EQ,INE229A01017,07-MAR-2001,10,Technology,Information Technology Services,true
OPTIEMUS,Optiemus Infracom Limited,NSE,EQ,INE350C01017,08-AUG-2017,10,Technology,Electronics & Computer Distribution,true
OPTIFIN,Optimus Finance Limited,NSE,EQ,INE031G01022,17-AUG-2026,1,Basic Materials,Chemicals,true
ORBTEXP,Orbit Exports Limited,NSE,BE,INE231G01010,05-NOV-2013,10,Consumer Cyclical,Textile Manufacturing,true
ORCHASP,Orchasp Limited,NSE,EQ,INE215B01022,07-FEB-2025,2,Technology,Software - Application,true
ORCHPHARMA,Orchid Pharma Limited,NSE,EQ,INE191A01027,02-NOV-2020,10,Healthcare,Drug Manufacturers - Specialty & Generic,true
ORICONENT,Oricon Enterprises Limited,NSE,EQ,INE730A01022,24-JUL-2015,2,Consumer Cyclical,Packaging & Containers,true
ORIENTALTL,Oriental Trimex Limited,NSE,EQ,INE998H01012,07-MAR-2007,10,Industrials,Building Products & Equipment,true
ORIENTBELL,Orient Bell Limited,NSE,EQ,INE607D01018,14-FEB-2007,10,Industrials,Building Products & Equipment,true
ORIENTCEM,Orient Cement Limited,NSE,EQ,INE876N01018,12-JUL-2013,1,Basic Materials,Building Materials,true
ORIENTCER,ORIENT CERATECH LIMITED,NSE,EQ,INE569C01020,15-DEC-2005,1,Basic Materials,Specialty Chemicals,true
ORIENTELEC,Orient Electric Limited,NSE,EQ,INE142Z01019,14-MAY-2018,1,Consumer Cyclical,"Furnishings, Fixtures & Appliances",true
ORIENTHOT,Oriental Hotels Limited,NSE,EQ,INE750A01020,27-AUG-1998,1,Consumer Cyclical,Lodging,true
ORIENTLTD,Orient Press Limited,NSE,BE,INE609C01024,03-MAR-2010,10,Consumer Cyclical,Packaging & Containers,true
ORIENTPPR,Orient Paper & Industries Limited,NSE,EQ,INE592A01026,29-MAR-1995,1,Basic Materials,Paper & Paper Products,true
ORIENTTECH,Orient Technologies Limited,NSE,EQ,INE0PPK01015,28-AUG-2024,10,Technology,Information Technology Services,true
ORIRAIL,Oriental Rail Infrastructure Limited,NSE,EQ,INE457G01029,17-AUG-2026,1,Industrials,Railroads,true
ORISSAMINE,The Orissa Minerals Development Company Limited,NSE,EQ,INE725E01024,29-SEP-2010,1,Basic Materials,Steel,true
ORKLAINDIA,Orkla India Limited,NSE,EQ,INE16NZ01023,06-NOV-2025,1,Consumer Defensive,Packaged Foods,true
ORTINGLOBE,ORTIN GLOBAL LIMITED,NSE,EQ,INE749B01020,30-MAR-2021,10,Healthcare,Drug Manufacturers - Specialty & Generic,true
OSIAHYPER,Osia Hyper Retail Limited,NSE,BE,INE06IR01021,01-DEC-2022,1,Consumer Cyclical,Department Stores,true
OSWALAGRO,Oswal Agro Mills Limited,NSE,EQ,INE142A01012,29-MAR-1995,10,Real Estate,Real Estate - Development,true
OSWALGREEN,Oswal Greentech Limited,NSE,EQ,INE143A01010,28-AUG-1996,10,Financial Services,Asset Management,true
OSWALPUMPS,Oswal Pumps Limited,NSE,EQ,INE0BYP01024,20-JUN-2025,1,Industrials,Electrical Equipment & Parts,true
OSWALSEEDS,ShreeOswal Seeds And Chemicals Limited,NSE,EQ,INE00IK01029,28-FEB-2023,2,Basic Materials,Agricultural Inputs,true
PACEDIGITK,Pace Digitek Limited,NSE,EQ,INE0S3G01027,06-OCT-2025,2,Technology,Communication Equipment,true
PACIFICI,Pacific Industries Limited,NSE,EQ,INE883C01025,17-AUG-2026,10,Basic Materials,Building Materials,true
PAGEIND,Page Industries Limited,NSE,EQ,INE761H01022,16-MAR-2007,10,Consumer Cyclical,Apparel Manufacturing,true
PAISALO,Paisalo Digital Limited,NSE,EQ,INE420C01059,17-OCT-2011,1,Financial Services,Credit Services,true
PAKKA,PAKKA LIMITED,NSE,EQ,INE551D01018,11-JUL-2023,10,Basic Materials,Paper & Paper Products,true
PALASHSECU,Palash Securities Limited,NSE,EQ,INE471W01019,28-JUL-2017,10,Consumer Defensive,Packaged Foods,true
PALREDTEC,Palred Technologies Limited,NSE,BE,INE218G01033,09-MAY-2016,10,Technology,Consumer Electronics,true
PANACEABIO,Panacea Biotec Limited,NSE,EQ,INE922B01023,17-APR-1996,1,Healthcare,Biotechnology,true
PANACHE,Panache Digilife Limited,NSE,BE,INE895W01019,06-JAN-2020,10,Technology,Communication Equipment,true
PANAMAPET,Panama Petrochem Limited,NSE,EQ,INE305C01029,30-SEP-2011,2,Energy,Oil & Gas Refining & Marketing,true
PANCHMAHQ,Panchmahal Steel Limited,NSE,EQ,INE798F01010,17-AUG-2026,10,Basic Materials,Steel,true
PANORAMA,Panorama Studios International Limited,NSE,EQ,INE258R01028,17-AUG-2026,2,Communication Services,Entertainment,true
PANSARI,Pansari Developers Limited,NSE,EQ,INE697V01011,18-OCT-2021,10,Real Estate,Real Estate - Development,true
PAR,Par Drugs And Chemicals Limited,NSE,EQ,INE04LG01015,16-SEP-2021,10,Healthcare,Drug Manufacturers - Specialty & Generic,true
PARACABLES,Paramount Communications Limited,NSE,EQ,INE074B01023,03-JAN-2007,2,Technology,Communication Equipment,true
PARADEEP,Paradeep Phosphates Limited,NSE,EQ,INE088F01024,27-MAY-2022,10,Basic Materials,Agricultural Inputs,true
PARAGMILK,Parag Milk Foods Limited,NSE,EQ,INE883N01014,19-MAY-2016,10,Consumer Defensive,Packaged Foods,true
PARAS,Paras Defence and Space Technologies Limited,NSE,EQ,INE045601023,01-OCT-2021,5,Industrials,Aerospace & Defense,true
PARASPETRO,Paras Petrofils Limited,NSE,EQ,INE162C01024,14-FEB-1996,1,Consumer Cyclical,Textile Manufacturing,true
PARKHOSPS,Park Medi World Limited,NSE,EQ,INE119201023,17-DEC-2025,2,Healthcare,Medical Care Facilities,true
PARKHOTELS,Apeejay Surrendra Park Hotels Limited,NSE,EQ,INE988S01028,12-FEB-2024,1,Consumer Cyclical,Lodging,true
PARNAXLAB,Parnax Lab Limited,NSE,EQ,INE383L01019,17-AUG-2026,10,Healthcare,Drug Manufacturers - Specialty & Generic,true
PARSVNATH,Parsvnath Developers Limited,NSE,BE,INE561H01026,30-NOV-2006,5,Real Estate,Real Estate - Development,true
PASHUPATI,Pashupati Cotspin Limited,NSE,EQ,INE124Y01028,17-JUL-2025,1,Consumer Cyclical,Textile Manufacturing,true
PASUPTAC,Pasupati Acrylon Limited,NSE,BE,INE818B01023,12-OCT-2021,10,Consumer Cyclical,Textile Manufacturing,true
PATANJALI,Patanjali Foods Limited,NSE,EQ,INE619A01035,24-JAN-2020,2,Consumer Defensive,Packaged Foods,true
PATELENG,Patel Engineering Limited,NSE,EQ,INE244B01030,24-FEB-2005,1,Industrials,Engineering & Construction,true
PATELRMART,Patel Retail Limited,NSE,EQ,INE0R8B01010,26-AUG-2025,10,Consumer Cyclical,Department Stores,true
PATINTLOG,Patel Integrated Logistics Limited,NSE,BE,INE529D01014,11-JAN-2008,10,Industrials,Integrated Freight & Logistics,true
PAUSHAKLTD,Paushak Limited,NSE,EQ,INE111F01024,01-DEC-2025,5,Basic Materials,Specialty Chemicals,true
PAVNAIND,Pavna Industries Limited,NSE,EQ,INE07S101038,01-JUN-2023,1,Consumer Cyclical,Auto Parts,true
PAYTM,One 97 Communications Limited,NSE,EQ,INE982J01020,18-NOV-2021,1,Technology,Software - Infrastructure,true
PBMPOLY,PBM Polytex Limited,NSE,EQ,INE501F01018,17-AUG-2026,10,Consumer Cyclical,Textile Manufacturing,true
PCBL,PCBL Chemical Limited,NSE,EQ,INE602A01031,29-MAR-1995,1,Basic Materials,Specialty Chemicals,true
PCJEWELLER,PC Jeweller Limited,NSE,EQ,INE785M01021,27-DEC-2012,1,Consumer Cyclical,Luxury Goods,true
PDMJEPAPER,Pudumjee Paper Products Limited,NSE,EQ,INE865T01018,30-MAR-2016,1,Basic Materials,Paper & Paper Products,true
PDSL,PDS Limited,NSE,EQ,INE111Q01021,21-OCT-2014,2,Industrials,Specialty Business Services,true
PEARLPOLY,Pearl Polymers Limited,NSE,EQ,INE844A01013,11-OCT-1995,10,Consumer Cyclical,Packaging & Containers,true
PENIND,Pennar Industries Limited,NSE,EQ,INE932A01024,25-NOV-2010,5,Industrials,Specialty Industrial Machinery,true
PENINLAND,Peninsula Land Limited,NSE,BE,INE138A01028,08-FEB-1995,2,Real Estate,Real Estate - Development,true
PERMAGN,Permanent Magnets Limited,NSE,EQ,INE418E01018,17-AUG-2026,10,Industrials,Electrical Equipment & Parts,true
PERSISTENT,Persistent Systems Limited,NSE,EQ,INE262H01021,06-APR-2010,5,Technology,Information Technology Services,true
PETRONET,Petronet LNG Limited,NSE,EQ,INE347G01014,26-MAR-2004,10,Energy,Oil & Gas Refining & Marketing,true
PFC,Power Finance Corporation Limited,NSE,EQ,INE134E01011,23-FEB-2007,10,Financial Services,Credit Services,true
PFIZER,Pfizer Limited,NSE,EQ,INE182A01018,28-APR-1999,10,Healthcare,Drug Manufacturers - General,true
PFOCUS,Prime Focus Limited,NSE,EQ,INE367G01038,20-JUN-2006,1,Communication Services,Entertainment,true
PFS,PTC India Financial Services Limited,NSE,EQ,INE560K01014,30-MAR-2011,10,Financial Services,Credit Services,true
PGEL,PG Electroplast Limited,NSE,EQ,INE457L01029,26-SEP-2011,1,Technology,Electronic Components,true
PGHH,Procter & Gamble Hygiene and Health Care Limited,NSE,EQ,INE179A01014,07-JUL-2004,10,Consumer Defensive,Household & Personal Products,true
PGHL,Procter & Gamble Health Limited,NSE,EQ,INE199A01012,24-APR-1996,10,Healthcare,Drug Manufacturers - Specialty & Generic,true
PGIL,Pearl Global Industries Limited,NSE,EQ,INE940H01022,15-FEB-2007,5,Consumer Cyclical,Apparel Manufacturing,true
PHOENIXLTD,The Phoenix Mills Limited,NSE,EQ,INE211B01039,23-APR-2007,2,Real Estate,Real Estate - Diversified,true
PHOENXINTL,Phoenix International Limited,NSE,EQ,INE245B01011,17-AUG-2026,10,Consumer Cyclical,Footwear & Accessories,true
PICCADIL,Piccadily Agro Industries Limited,NSE,EQ,INE546C01010,02-JUL-2025,10,Consumer Defensive,Beverages - Wineries & Distilleries,true
PIDILITIND,Pidilite Industries Limited,NSE,EQ,INE318A01026,29-MAR-1995,1,Basic Materials,Specialty Chemicals,true
PIGL,Power & Instrumentation (Gujarat) Limited,NSE,EQ,INE557Z01018,17-MAY-2023,10,Industrials,Engineering & Construction,true
PIIND,PI Industries Limited,NSE,EQ,INE603J01030,15-JUN-2011,1,Basic Materials,Agricultural Inputs,true
PILANIINVS,Pilani Investment and Industries Corporation Limited,NSE,EQ,INE417C01014,08-DEC-2015,10,Financial Services,Asset Management,true
PILITA,PIL ITALICA LIFESTYLE LIMITED,NSE,EQ,INE600A01035,07-OCT-2013,1,Consumer Cyclical,"Furnishings, Fixtures & Appliances",true
PINELABS,Pine Labs Limited,NSE,EQ,INE15B701018,14-NOV-2025,1,Technology,Software - Infrastructure,true
PIONEEREMB,Pioneer Embroideries Limited,NSE,EQ,INE156C01018,16-MAY-2006,10,Consumer Cyclical,Textile Manufacturing,true
PIONRINV,Pioneer Investcorp Limited,NSE,BE,INE746D01014,20-APR-2026,10,Financial Services,Capital Markets,true
PIRAMALFIN,Piramal Finance Limited,NSE,EQ,INE202B01038,07-NOV-2025,2,Financial Services,Credit Services,true
PITTIENG,Pitti Engineering Limited,NSE,EQ,INE450D01021,02-FEB-2007,5,Industrials,Metal Fabrication,true
PIXTRANS,Pix Transmissions Limited,NSE,EQ,INE751B01018,28-APR-2022,10,Industrials,Specialty Industrial Machinery,true
PKTEA,The Peria Karamalai Tea & Produce Company Limited,NSE,EQ,INE431F01018,19-AUG-2015,10,Consumer Defensive,Farm Products,true
PLASTIBLEN,Plastiblends India Limited,NSE,EQ,INE083C01022,28-DEC-2006,5,Basic Materials,Specialty Chemicals,true
PLATIND,Platinum Industries Limited,NSE,EQ,INE0PT501018,05-MAR-2024,10,Basic Materials,Specialty Chemicals,true
PLAZACABLE,Plaza Wires Limited,NSE,EQ,INE0INJ01017,12-OCT-2023,10,Industrials,Electrical Equipment & Parts,true
PML,Paul Merchants Limited,NSE,EQ,INE291E01019,20-APR-2026,10,Financial Services,Capital Markets,true
PNB,Punjab National Bank,NSE,EQ,INE160A01022,24-APR-2002,2,Financial Services,Banks - Regional,true
PNBGILTS,PNB Gilts Limited,NSE,EQ,INE859A01011,18-SEP-2000,10,Financial Services,Capital Markets,true
PNBHOUSING,PNB Housing Finance Limited,NSE,EQ,INE572E01012,07-NOV-2016,10,Financial Services,Mortgage Finance,true
PNC,Pritish Nandy Communications Limited,NSE,EQ,INE392B01011,11-DEC-2000,10,Communication Services,Entertainment,true
PNCINFRA,PNC Infratech Limited,NSE,EQ,INE195J01029,26-MAY-2015,2,Industrials,Engineering & Construction,true
PNGJL,P N Gadgil Jewellers Limited,NSE,EQ,INE953R01016,17-SEP-2024,10,Consumer Cyclical,Luxury Goods,true
PNGSREVA,PNGS Reva Diamond Jewellery Limited,NSE,EQ,INE1RDG01013,04-MAR-2026,10,Consumer Cyclical,Luxury Goods,true
POCL,Pondy Oxides & Chemicals Limited,NSE,EQ,INE063E01061,06-MAR-2023,2,Basic Materials,Specialty Chemicals,true
PODDARMENT,Poddar Pigments Limited,NSE,EQ,INE371C01013,22-NOV-2016,10,Basic Materials,Specialty Chemicals,true
POEL,POCL Enterprises Limited,NSE,EQ,INE035S01028,17-AUG-2026,2,Basic Materials,Chemicals,true
POKARNA,Pokarna Limited,NSE,EQ,INE637C01025,07-JUL-2016,2,Industrials,Building Products & Equipment,true
POLICYBZR,PB Fintech Limited,NSE,EQ,INE417T01026,15-NOV-2021,2,Financial Services,Insurance Brokers,true
POLYCAB,Polycab India Limited,NSE,EQ,INE455K01017,16-APR-2019,10,Industrials,Electrical Equipment & Parts,true
POLYMED,Poly Medicure Limited,NSE,EQ,INE205C01021,07-DEC-2011,5,Healthcare,Medical Instruments & Supplies,true
POLYPLEX,Polyplex Corporation Limited,NSE,EQ,INE633B01018,11-APR-2003,10,Basic Materials,Specialty Chemicals,true
POLYSPIN,Polyspin Exports Limited,NSE,EQ,INE914G01029,17-AUG-2026,5,Consumer Cyclical,Packaging & Containers,true
PONNIERODE,Ponni Sugars (Erode) Limited,NSE,EQ,INE838E01017,16-APR-2002,10,Consumer Defensive,Confectioners,true
POONAWALLA,Poonawalla Fincorp Limited,NSE,EQ,INE511C01022,27-APR-2004,2,Financial Services,Credit Services,true
POWERGRID,Power Grid Corporation of India Limited,NSE,EQ,INE752E01010,05-OCT-2007,10,Utilities,Utilities - Regulated Electric,true
POWERICA,Powerica Limited,NSE,EQ,INE921L01032,02-APR-2026,5,Industrials,Specialty Industrial Machinery,true
POWERINDIA,Hitachi Energy India Limited,NSE,EQ,INE07Y701011,30-MAR-2020,2,Industrials,Electrical Equipment & Parts,true
POWERMECH,Power Mech Projects Limited,NSE,EQ,INE211R01019,26-AUG-2015,10,Industrials,Engineering & Construction,true
PPAP,PPAP Automotive Limited,NSE,BE,INE095I01015,11-JAN-2008,10,Consumer Cyclical,Auto Parts,true
PPL,Prakash Pipes Limited,NSE,BE,INE050001010,14-JUN-2019,10,Industrials,Building Products & Equipment,true
PPLPHARMA,Piramal Pharma Limited,NSE,EQ,INE0DK501011,19-OCT-2022,10,Healthcare,Drug Manufacturers - Specialty & Generic,true
PRABHA,Prabha Energy Limited,NSE,EQ,INE0I0M01023,19-MAR-2025,1,Energy,Oil & Gas E&P,true
PRADPME,Pradeep Metals Limited,NSE,BE,INE770A01010,20-APR-2026,10,Industrials,Metal Fabrication,true
PRAENG,Prajay Engineers Syndicate Limited,NSE,EQ,INE505C01016,02-JAN-2007,10,Real Estate,Real Estate - Development,true
PRAJIND,Praj Industries Limited,NSE,EQ,INE074A01025,11-OCT-1995,2,Industrials,Engineering & Construction,true
PRAKASH,Prakash Industries Limited,NSE,EQ,INE603A01013,10-MAY-1995,10,Basic Materials,Steel,true
PRAKASHSTL,Prakash Steelage Limited,NSE,EQ,INE696K01024,25-AUG-2010,1,Basic Materials,Steel,true
PRAVEG,Praveg Limited,NSE,EQ,INE722B01019,20-APR-2026,10,Communication Services,Advertising Agencies,true
PRAXIS,Praxis Home Retail Limited,NSE,EQ,INE546Y01022,31-JAN-2018,5,Consumer Cyclical,Specialty Retail,true
PRECAM,Precision Camshafts Limited,NSE,EQ,INE484I01029,08-FEB-2016,10,Consumer Cyclical,Auto Parts,true
PRECOT,Precot Limited,NSE,EQ,INE283A01014,19-AUG-2005,10,Consumer Cyclical,Textile Manufacturing,true
PRECWIRE,Precision Wires India Limited,NSE,EQ,INE372C01037,06-SEP-1995,1,Industrials,Electrical Equipment & Parts,true
PREMCO,Premco Global Limited,NSE,EQ,INE001E01012,20-APR-2026,10,Consumer Cyclical,Textile Manufacturing,true
PREMEXPLN,Premier Explosives Limited,NSE,EQ,INE863B01029,17-JUN-2016,2,Basic Materials,Specialty Chemicals,true
PREMIER,Premier Limited,NSE,BE,INE342A01018,03-APR-1996,10,Industrials,Specialty Industrial Machinery,true
PREMIERENE,Premier Energies Limited,NSE,EQ,INE0BS701011,03-SEP-2024,1,Technology,Solar,true
PREMIERPOL,Premier Polyfilm Limited,NSE,EQ,INE309M01020,13-DEC-1995,1,Basic Materials,Specialty Chemicals,true
PRESTIGE,Prestige Estates Projects Limited,NSE,EQ,INE811K01011,27-OCT-2010,10,Real Estate,Real Estate - Diversified,true
PRICOLLTD,Pricol Limited,NSE,EQ,INE726V01018,10-FEB-2017,1,Consumer Cyclical,Auto Parts,true
PRIMESECU,Prime Securities Limited,NSE,EQ,INE032B01021,17-JUN-2005,5,Financial Services,Capital Markets,true
PRIMO,Primo Chemicals Limited,NSE,EQ,INE607A01022,22-APR-2025,2,Basic Materials,Chemicals,true
PRINCEPIPE,Prince Pipes And Fittings Limited,NSE,EQ,INE689W01016,30-DEC-2019,10,Industrials,Building Products & Equipment,true
PRISMX,Prismx Global Ventures Limited,NSE,EQ,INE286N01028,17-AUG-2026,1,Financial Services,Capital Markets,true
PRITI,Priti International Limited,NSE,BE,INE974Z01015,02-MAR-2022,10,Consumer Cyclical,"Furnishings, Fixtures & Appliances",true
PRITIKAUTO,Pritika Auto Industries Limited,NSE,BE,INE583R01029,10-AUG-2021,2,Industrials,Specialty Industrial Machinery,true
PRIVISCL,Privi Speciality Chemicals Limited,NSE,EQ,INE959A01019,08-MAY-2015,10,Basic Materials,Specialty Chemicals,true
PROSTARM,Prostarm Info Systems Limited,NSE,EQ,INE0BX301013,03-JUN-2025,10,Industrials,Electrical Equipment & Parts,true
PROTEAN,Protean eGov Technologies Limited,NSE,EQ,INE004A01022,06-FEB-2025,10,Technology,Information Technology Services,true
PROZONER,Prozone Realty Limited,NSE,EQ,INE195N01013,12-SEP-2012,2,Real Estate,Real Estate - Diversified,true
PRSMJOHNSN,Prism Johnson Limited,NSE,EQ,INE010A01011,20-AUG-2003,10,Basic Materials,Building Materials,true
PRUDENT,Prudent Corporate Advisory Services Limited,NSE,EQ,INE00F201020,20-MAY-2022,5,Financial Services,Asset Management,true
PRUDMOULI,Prudential Sugar Corporation Limited,NSE,BE,INE024D01016,10-MAY-1995,10,Consumer Defensive,Confectioners,true
PSB,Punjab & Sind Bank,NSE,EQ,INE608A01012,30-DEC-2010,10,Financial Services,Banks - Regional,true
PSPPROJECT,PSP Projects Limited,NSE,EQ,INE488V01015,29-MAY-2017,10,Industrials,Engineering & Construction,true
PTC,PTC India Limited,NSE,EQ,INE877F01012,07-APR-2004,10,Utilities,Utilities - Independent Power Producers,true
PTCIL,PTC Industries Limited,NSE,EQ,INE596F01018,09-JUN-2023,10,Industrials,Metal Fabrication,true
PTL,PTL Enterprises Limited,NSE,EQ,INE034D01049,29-JAN-2007,1,Real Estate,Real Estate Services,true
PUNJABCHEM,Punjab Chemicals & Crop Protection Limited,NSE,EQ,INE277B01014,08-MAR-2007,10,Basic Materials,Chemicals,true
PURVA,Puravankara Limited,NSE,EQ,INE323I01011,30-AUG-2007,5,Real Estate,Real Estate - Development,true
PVP,PVP Ventures Limited,NSE,EQ,INE362A01016,03-APR-1996,10,Industrials,Conglomerates,true
PVRINOX,PVR INOX Limited,NSE,EQ,INE191H01014,04-JAN-2006,10,Communication Services,Entertainment,true
PVSL,Popular Vehicles and Services Limited,NSE,EQ,INE772T01024,19-MAR-2024,2,Consumer Cyclical,Auto & Truck Dealerships,true
PWL,Physicswallah Limited,NSE,EQ,INE0LP301011,18-NOV-2025,1,Consumer Defensive,Education & Training Services,true
PYRAMID,Pyramid Technoplast Limited,NSE,EQ,INE0MIS01010,29-AUG-2023,10,Consumer Cyclical,Packaging & Containers,true
QMSMEDI,QMS Medical Allied Services Limited,NSE,BE,INE0FMW01018,18-JUN-2026,10,Healthcare,Medical Instruments & Supplies,true
QPOWER,Quality Power Electrical Equipments Limited,NSE,EQ,INE0SII01026,24-FEB-2025,10,Industrials,Electrical Equipment & Parts,true
QUADFUTURE,Quadrant Future Tek Limited,NSE,EQ,INE0LRY01011,14-JAN-2025,10,Industrials,Railroads,true
QUESS,Quess Corp Limited,NSE,EQ,INE615P01015,12-JUL-2016,10,Industrials,Staffing & Employment Services,true
QUICKHEAL,Quick Heal Technologies Limited,NSE,BE,INE306L01010,18-FEB-2016,10,Technology,Software - Application,true
QUINT,Quint Digital Limited,NSE,EQ,INE641R01017,20-APR-2026,10,Communication Services,Entertainment,true
RACE,Race Eco Chain Limited,NSE,EQ,INE084Q01012,09-MAY-2023,10,Industrials,Waste Management,true
RACLGEAR,RACL Geartech Limited,NSE,EQ,INE704B01017,27-NOV-2024,10,Consumer Cyclical,Auto Parts,true
RADAAN,Radaan Mediaworks India Limited,NSE,EQ,INE874F01027,27-FEB-2003,2,Communication Services,Entertainment,true
RADHIKAJWE,Radhika Jeweltech Limited,NSE,EQ,INE583V01021,18-JUL-2022,2,Consumer Cyclical,Luxury Goods,true
RADIANTCMS,Radiant Cash Management Services Limited,NSE,EQ,INE855R01021,04-JAN-2023,1,Industrials,Specialty Business Services,true
RADICO,Radico Khaitan Limited,NSE,EQ,INE944F01028,18-JUN-2003,2,Consumer Defensive,Beverages - Wineries & Distilleries,true
RADIOCITY,Music Broadcast Limited,NSE,EQ,INE919I01024,17-MAR-2017,2,Communication Services,Broadcasting,true
RAILTEL,Railtel Corporation Of India Limited,NSE,EQ,INE0DD101019,26-FEB-2021,10,Communication Services,Telecom Services,true
RAIN,Rain Industries Limited,NSE,EQ,INE855B01025,03-MAR-2008,2,Basic Materials,Specialty Chemicals,true
RAINBOW,Rainbow Childrens Medicare Limited,NSE,EQ,INE961O01016,10-MAY-2022,10,Healthcare,Medical Care Facilities,true
RAJESHEXPO,Rajesh Exports Limited,NSE,BZ,INE343B01030,09-FEB-2000,1,Consumer Cyclical,Luxury Goods,true
RAJMET,Rajnandini Metal Limited,NSE,EQ,INE00KV01022,16-FEB-2021,1,Basic Materials,Copper,true
RAJOOENG,Rajoo Engineers Limited,NSE,BE,INE535F01024,29-MAY-2025,1,Industrials,Specialty Industrial Machinery,true
RAJPALAYAM,Rajapalayam Mills Limited,NSE,EQ,INE296E01026,20-APR-2026,10,,,true
RAJRATAN,Rajratan Global Wire Limited,NSE,EQ,INE451D01029,22-MAY-2020,2,Basic Materials,Steel,true
RAJRILTD,Raj Rayon Industries Limited,NSE,BE,INE533D01032,16-MAR-2022,1,Consumer Cyclical,Textile Manufacturing,true
RAJSREESUG,Rajshree Sugars & Chemicals Limited,NSE,EQ,INE562B01019,29-MAR-1995,10,Consumer Defensive,Confectioners,true
RAJTV,Raj Television Network Limited,NSE,EQ,INE952H01027,16-MAR-2007,5,Communication Services,Broadcasting,true
RALLIS,Rallis India Limited,NSE,EQ,INE613A01020,01-APR-1999,1,Basic Materials,Agricultural Inputs,true
RAMANEWS,Shree Rama Newsprint Limited,NSE,EQ,INE278B01020,20-SEP-2006,10,Consumer Defensive,Beverages - Non-Alcoholic,true
RAMAPHO,Rama Phosphates Limited,NSE,EQ,INE809A01032,05-AUG-2022,5,Basic Materials,Agricultural Inputs,true
RAMASTEEL,Rama Steel Tubes Limited,NSE,BE,INE230R01035,19-AUG-2015,1,Basic Materials,Steel,true
RAMBHAJO,Advit Jewels Limited,NSE,EQ,INE1SJO01012,01-JUL-2026,10,Consumer Cyclical,Luxury Goods,true
RAMCOCEM,The Ramco Cements Limited,NSE,EQ,INE331A01037,09-APR-1997,1,Basic Materials,Building Materials,true
RAMCOIND,Ramco Industries Limited,NSE,EQ,INE614A01028,06-NOV-1996,1,Industrials,Building Products & Equipment,true
RAMCOSYS,Ramco Systems Limited,NSE,EQ,INE246B01019,12-APR-2000,10,Technology,Software - Application,true
RAMKY,Ramky Infrastructure Limited,NSE,EQ,INE874I01013,08-OCT-2010,10,Industrials,Engineering & Construction,true
RAMRAT,Ram Ratna Wires Limited,NSE,EQ,INE207E01023,29-JUL-2022,5,Industrials,Electrical Equipment & Parts,true
RANASUG,Rana Sugars Limited,NSE,EQ,INE625B01014,24-FEB-2005,10,Consumer Defensive,Confectioners,true
RANEHOLDIN,Rane Holdings Limited,NSE,EQ,INE384A01010,24-SEP-1997,10,Consumer Cyclical,Auto Parts,true
RATEGAIN,Rategain Travel Technologies Limited,NSE,EQ,INE0CLI01024,17-DEC-2021,1,Technology,Software - Application,true
RATNAMANI,Ratnamani Metals & Tubes Limited,NSE,EQ,INE703B01027,09-MAY-2006,2,Basic Materials,Steel,true
RATNAVEER,Ratnaveer Precision Engineering Limited,NSE,EQ,INE05CZ01011,11-SEP-2023,10,Basic Materials,Steel,true
RAYMOND,Raymond Limited,NSE,EQ,INE301A01014,18-OCT-1995,10,Industrials,Specialty Industrial Machinery,true
RAYMONDLSL,Raymond Lifestyle Limited,NSE,EQ,INE02ID01020,05-SEP-2024,2,Consumer Cyclical,Apparel Manufacturing,true
RAYMONDREL,Raymond Realty Limited,NSE,EQ,INE1SY401010,01-JUL-2025,10,Real Estate,Real Estate - Development,true
RBA,Restaurant Brands Asia Limited,NSE,EQ,INE07T201019,14-DEC-2020,10,Consumer Cyclical,Restaurants,true
RBLBANK,RBL Bank Limited,NSE,EQ,INE976G01028,31-AUG-2016,10,Financial Services,Banks - Regional,true
RBZJEWEL,RBZ Jewellers Limited,NSE,EQ,INE0PEQ01016,27-DEC-2023,10,Consumer Cyclical,Luxury Goods,true
RCF,Rashtriya Chemicals and Fertilizers Limited,NSE,EQ,INE027A01015,07-JAN-1998,10,Basic Materials,Agricultural Inputs,true
RCOM,Reliance Communications Limited,NSE,BE,INE330H01018,06-MAR-2006,5,Communication Services,Telecom Services,true
RECLTD,REC Limited,NSE,EQ,INE020B01018,12-MAR-2008,10,Financial Services,Credit Services,true
REDINGTON,Redington Limited,NSE,EQ,INE891D01026,15-FEB-2007,2,Technology,Information Technology Services,true
REDTAPE,Redtape Limited,NSE,EQ,INE0LXT01019,11-AUG-2023,2,Consumer Cyclical,Footwear & Accessories,true
REFEX,Refex Industries Limited,NSE,EQ,INE056I01025,03-DEC-2009,2,Energy,Thermal Coal,true
REGAAL,Regaal Resources Limited,NSE,EQ,INE0MHO01029,20-AUG-2025,5,Consumer Defensive,Packaged Foods,true
REGENCERAM,Regency Ceramics Limited,NSE,EQ,INE277C01012,05-JUN-1996,10,Industrials,Building Products & Equipment,true
RELAXO,Relaxo Footwears Limited,NSE,EQ,INE131B01039,17-JUN-2011,1,Consumer Cyclical,Footwear & Accessories,true
RELCHEMQ,Reliance Chemotex Industries Limited,NSE,EQ,INE750D01016,25-MAY-2022,10,Consumer Cyclical,Textile Manufacturing,true
RELIABLE,Reliable Data Services Limited,NSE,EQ,INE375Y01018,10-JUL-2024,10,Technology,Information Technology Services,true
RELIANCE,Reliance Industries Limited,NSE,EQ,INE002A01018,29-NOV-1995,10,Energy,Oil & Gas Refining & Marketing,true
RELIGARE,Religare Enterprises Limited,NSE,EQ,INE621H01010,21-NOV-2007,10,Financial Services,Insurance - Life,true
RELINFRA,Reliance Infrastructure Limited,NSE,BE,INE036A01016,08-FEB-1995,10,Utilities,Utilities - Independent Power Producers,true
RELTD,Ravindra Energy Limited,NSE,EQ,INE206N01018,30-JUL-2024,10,Technology,Solar,true
REMSONSIND,Remsons Industries Limited,NSE,EQ,INE474C01023,31-JAN-1996,2,Consumer Cyclical,Auto Parts,true
RENUKA,Shree Renuka Sugars Limited,NSE,EQ,INE087H01022,31-OCT-2005,1,Consumer Defensive,Confectioners,true
REPCOHOME,Repco Home Finance Limited,NSE,EQ,INE612J01015,01-APR-2013,10,Financial Services,Mortgage Finance,true
REPL,Rudrabhishek Enterprises Limited,NSE,BE,INE364Z01019,14-DEC-2020,10,Industrials,Consulting Services,true
REPRO,Repro India Limited,NSE,EQ,INE461B01014,22-DEC-2005,10,Industrials,Specialty Business Services,true
RESPONIND,Responsive Industries Limited,NSE,EQ,INE688D01026,29-OCT-2010,1,Basic Materials,Specialty Chemicals,true
RETAIL,JHS Svendgaard Retail Ventures Limited,NSE,EQ,INE03DD01011,26-JUN-2024,10,Consumer Defensive,Grocery Stores,true
RGL,Renaissance Global Limited,NSE,EQ,INE722H01024,12-DEC-2007,2,Consumer Cyclical,Luxury Goods,true
RHETAN,Rhetan TMT Limited,NSE,EQ,INE0KKN01029,26-SEP-2025,1,Basic Materials,Steel,true
RHFL,Reliance Home Finance Limited,NSE,BZ,INE217K01011,22-SEP-2017,10,Financial Services,Mortgage Finance,true
RHIM,RHI MAGNESITA INDIA LIMITED,NSE,EQ,INE743M01012,12-MAR-2012,1,Industrials,Metal Fabrication,true
RHL,Robust Hotels Limited,NSE,EQ,INE508K01013,25-APR-2023,10,Consumer Cyclical,Lodging,true
RICOAUTO,Rico Auto Industries Limited,NSE,EQ,INE209B01025,12-MAY-2003,1,Consumer Cyclical,Auto Parts,true
RIIL,Reliance Industrial Infrastructure Limited,NSE,EQ,INE046A01015,29-NOV-1995,10,Industrials,Engineering & Construction,true
RIR,RIR Power Electronics Limited,NSE,EQ,INE302D01024,16-JUL-2026,2,Technology,Semiconductors,true
RISHABH,Rishabh Instruments Limited,NSE,EQ,INE0N2P01017,11-SEP-2023,10,Technology,Scientific & Technical Instruments,true
RITCO,Ritco Logistics Limited,NSE,EQ,INE01EG01016,12-APR-2022,10,Industrials,Integrated Freight & Logistics,true
RITES,RITES Limited,NSE,EQ,INE320J01015,02-JUL-2018,10,Industrials,Engineering & Construction,true
RKDL,Ravi Kumar Distilleries Limited,NSE,EQ,INE722J01012,27-DEC-2010,10,Consumer Defensive,Beverages - Wineries & Distilleries,true
RKEC,RKEC Projects Limited,NSE,EQ,INE786W01010,18-DEC-2020,10,Industrials,Engineering & Construction,true
RKFORGE,Ramkrishna Forgings Limited,NSE,EQ,INE399G01023,05-MAY-2004,2,Industrials,Metal Fabrication,true
RKSWAMY,R K Swamy Limited,NSE,EQ,INE0NQ801033,12-MAR-2024,5,Communication Services,Advertising Agencies,true
RMC,RMC Switchgears Limited,NSE,EQ,INE655V01019,01-APR-2026,10,Industrials,Electrical Equipment & Parts,true
RMDRIP,R M Drip and Sprinklers Systems Limited,NSE,BE,INE219Y01026,30-JUL-2025,1,Industrials,Farm & Heavy Construction Machinery,true
RML,Rane (Madras) Limited,NSE,EQ,INE050H01012,30-AUG-2005,10,Consumer Cyclical,Auto Parts,true
RNBDENIMS,R&B Denims Limited,NSE,EQ,INE012Q01039,04-SEP-2025,1,Consumer Cyclical,Textile Manufacturing,true
ROHLTD,Royal Orchid Hotels Limited,NSE,EQ,INE283H01019,06-FEB-2006,10,Consumer Cyclical,Lodging,true
ROLEXRINGS,Rolex Rings Limited,NSE,EQ,INE645S01024,09-AUG-2021,1,Industrials,Metal Fabrication,true
ROLLT,Rollatainers Limited,NSE,BE,INE927A01040,22-NOV-2016,1,Real Estate,Real Estate Services,true
ROML,Raj Oil Mills Limited,NSE,EQ,INE294G01026,06-OCT-2020,10,Consumer Defensive,Packaged Foods,true
ROSSARI,Rossari Biotech Limited,NSE,EQ,INE02A801020,23-JUL-2020,2,Basic Materials,Specialty Chemicals,true
ROSSELLIND,Rossell India Limited,NSE,EQ,INE847C01020,25-SEP-2012,2,Industrials,Conglomerates,true
ROSSTECH,Rossell Techsys Limited,NSE,EQ,INE0OJW01016,09-DEC-2024,2,Industrials,Aerospace & Defense,true
ROTO,Roto Pumps Limited,NSE,EQ,INE535D01037,21-APR-2022,1,Industrials,Specialty Industrial Machinery,true
ROUTE,ROUTE MOBILE LIMITED,NSE,EQ,INE450U01017,21-SEP-2020,10,Communication Services,Telecom Services,true
RPEL,Raghav Productivity Enhancers Limited,NSE,EQ,INE912T01018,08-AUG-2024,10,Basic Materials,Chemicals,true
RPGLIFE,RPG Life Sciences Limited,NSE,EQ,INE105J01010,10-JUN-2008,8,Healthcare,Drug Manufacturers - Specialty & Generic,true
RPOWER,Reliance Power Limited,NSE,EQ,INE614G01033,11-FEB-2008,10,Utilities,Utilities - Independent Power Producers,true
RPPINFRA,R.P.P. Infra Projects Limited,NSE,EQ,INE324L01013,06-DEC-2010,10,Industrials,Engineering & Construction,true
RPPL,Rajshree Polypack Limited,NSE,BE,INE760W01023,26-NOV-2021,5,Consumer Cyclical,Packaging & Containers,true
RPSGVENT,RPSG VENTURES LIMITED,NSE,EQ,INE425Y01011,25-JAN-2019,10,Technology,Information Technology Services,true
RPTECH,Rashi Peripherals Limited,NSE,EQ,INE0J1F01024,14-FEB-2024,5,Technology,Electronics & Computer Distribution,true
RRECL,RDB Real Estate Constructions Limited,NSE,EQ,INE0AK901016,17-AUG-2026,10,Real Estate,Real Estate Services,true
RRIL,RRIL Limited,NSE,EQ,INE951M01037,20-APR-2026,5,Consumer Cyclical,Textile Manufacturing,true
RRKABEL,R R Kabel Limited,NSE,EQ,INE777K01022,20-SEP-2023,5,Industrials,Electrical Equipment & Parts,true
RSDFIN,RSD Finance Limited,NSE,BE,INE616F01022,20-APR-2026,5,Financial Services,Asset Management,true
RSL,Rajputana Stainless Limited,NSE,EQ,INE313L01016,19-MAR-2026,10,Basic Materials,Steel,true
RSSOFTWARE,R. S. Software (India) Limited,NSE,EQ,INE165B01029,19-MAY-1999,5,Technology,Information Technology Services,true
RSWM,RSWM Limited,NSE,BE,INE611A01016,15-FEB-1995,10,Consumer Cyclical,Textile Manufacturing,true
RSYSTEMS,R Systems International Limited,NSE,EQ,INE411H01032,26-APR-2006,1,Technology,Information Technology Services,true
RTNINDIA,RattanIndia Enterprises Limited,NSE,EQ,INE834M01019,30-JUL-2012,2,Consumer Cyclical,Internet Retail,true
RTNPOWER,RattanIndia Power Limited,NSE,EQ,INE399K01017,30-OCT-2009,10,Utilities,Utilities - Independent Power Producers,true
RTSPOWR,RTS Power Corporation Limited,NSE,EQ,INE005C01017,17-AUG-2026,10,Industrials,Electrical Equipment & Parts,true
RUBFILA,Rubfila International Limited,NSE,EQ,INE642C01025,08-AUG-2024,5,Basic Materials,Specialty Chemicals,true
RUBICON,Rubicon Research Limited,NSE,EQ,INE506V01022,16-OCT-2025,1,Healthcare,Drug Manufacturers - General,true
RUBYMILLS,The Ruby Mills Limited,NSE,BE,INE301D01026,29-MAR-1995,5,Consumer Cyclical,Textile Manufacturing,true
RUCHINFRA,Ruchi Infrastructure Limited,NSE,EQ,INE413B01023,16-OCT-1996,1,Industrials,Specialty Business Services,true
RUCHIRA,Ruchira Papers Limited,NSE,EQ,INE803H01014,20-DEC-2006,10,Basic Materials,Paper & Paper Products,true
RUDRA,Rudra Global Infra Products Limited,NSE,EQ,INE027T01023,19-DEC-2025,5,Basic Materials,Steel,true
RUPA,Rupa & Company Limited,NSE,EQ,INE895B01021,07-DEC-2011,1,Consumer Cyclical,Apparel Manufacturing,true
RUSHIL,Rushil Decor Limited,NSE,EQ,INE573K01025,07-JUL-2011,1,Consumer Cyclical,"Furnishings, Fixtures & Appliances",true
RUSTOMJEE,Keystone Realtors Limited,NSE,EQ,INE263M01029,24-NOV-2022,10,Real Estate,Real Estate - Development,true
RVHL,Ravinder Heights Limited,NSE,EQ,INE09E501017,18-DEC-2020,1,Real Estate,Real Estate - Development,true
RVNL,Rail Vikas Nigam Limited,NSE,EQ,INE415G01027,11-APR-2019,10,Industrials,Engineering & Construction,true
RVTH,Revathi Equipment India Limited,NSE,EQ,INE0DAB01012,11-SEP-2024,10,Industrials,Farm & Heavy Construction Machinery,true
S&SPOWER,S&S Power Switchgears Limited,NSE,EQ,INE902B01017,27-SEP-1995,10,Industrials,Electrical Equipment & Parts,true
SAATVIKGL,Saatvik Green Energy Limited,NSE,EQ,INE13B501022,26-SEP-2025,2,Technology,Solar,true
SAB,SAB Industries Limited,NSE,EQ,INE137M01017,17-AUG-2026,10,Industrials,Engineering & Construction,true
SADBHAV,Sadbhav Engineering Limited,NSE,EQ,INE226H01026,01-MAR-2006,1,Industrials,Engineering & Construction,true
SADBHIN,Sadbhav Infrastructure Project Limited,NSE,BE,INE764L01010,16-SEP-2015,10,Industrials,Engineering & Construction,true
SADHNANIQ,Sadhana Nitrochem Limited,NSE,BE,INE888C01040,05-MAY-2023,1,Basic Materials,Chemicals,true
SAFARI,Safari Industries (India) Limited,NSE,EQ,INE429E01023,12-SEP-2019,2,Consumer Cyclical,Footwear & Accessories,true
SAGARDEEP,Sagardeep Alloys Limited,NSE,EQ,INE976T01013,25-JAN-2019,10,Basic Materials,Copper,true
SAGCEM,Sagar Cements Limited,NSE,EQ,INE229C01021,29-JAN-2007,2,Basic Materials,Building Materials,true
SAGILITY,SAGILITY LIMITED,NSE,EQ,INE0W2G01015,12-NOV-2024,10,Healthcare,Health Information Services,true
SAHLIBHFI,Shalibhadra Finance Limited,NSE,EQ,INE861D01011,10-APR-2026,10,Financial Services,Credit Services,true
SAHYADRI,Sahyadri Industries Limited,NSE,EQ,INE280H01015,06-APR-2023,10,Industrials,Building Products & Equipment,true
SAICAPI,Sai Capital Limited,NSE,EQ,INE531X01018,17-AUG-2026,10,Financial Services,Capital Markets,true
SAIL,Steel Authority of India Limited,NSE,EQ,INE114A01011,06-JUL-1995,10,Basic Materials,Steel,true
SAILIFE,Sai Life Sciences Limited,NSE,EQ,INE570L01029,18-DEC-2024,1,Healthcare,Diagnostics & Research,true
SAIPARENT,Sai Parenterals Limited,NSE,EQ,INE0H9F01037,02-APR-2026,5,Healthcare,Drug Manufacturers - General,true
SAKAR,Sakar Healthcare Limited,NSE,EQ,INE732S01012,11-APR-2019,10,Healthcare,Drug Manufacturers - Specialty & Generic,true
SAKHTISUG,Sakthi Sugars Limited,NSE,EQ,INE623A01011,06-SEP-1995,10,Consumer Defensive,Confectioners,true
SAKSOFT,Saksoft Limited,NSE,EQ,INE667G01023,09-MAY-2005,1,Technology,Information Technology Services,true
SAKUMA,Sakuma Exports Limited,NSE,EQ,INE190H01024,08-MAR-2006,1,Consumer Defensive,Farm Products,true
SALASAR,Salasar Techno Engineering Limited,NSE,EQ,INE170V01027,25-JUL-2017,1,Basic Materials,Steel,true
SALONA,Salona Cotspin Limited,NSE,EQ,INE498E01010,16-JUN-2016,10,Consumer Cyclical,Textile Manufacturing,true
SALSTEEL,S.A.L. Steel Limited,NSE,EQ,INE658G01014,24-NOV-2004,10,Basic Materials,Steel,true
SALZERELEC,Salzer Electronics Limited,NSE,EQ,INE457F01013,02-DEC-2015,10,Industrials,Electrical Equipment & Parts,true
SAMBANDAM,Sambandam Spinning Mills Limited,NSE,EQ,INE304D01012,17-AUG-2026,10,Consumer Cyclical,Textile Manufacturing,true
SAMBHAAV,Sambhaav Media Limited,NSE,EQ,INE699B01027,05-JUN-1996,1,Communication Services,Publishing,true
SAMBHV,Sambhv Steel Tubes Limited,NSE,EQ,INE12NJ01018,02-JUL-2025,10,Basic Materials,Steel,true
SAMHI,Samhi Hotels Limited,NSE,EQ,INE08U801020,22-SEP-2023,1,Consumer Cyclical,Lodging,true
SAMMAANCAP,Sammaan Capital Limited,NSE,EQ,INE148I01020,23-JUL-2013,2,Financial Services,Mortgage Finance,true
SAMPANN,Sampann Utpadan India Limited,NSE,EQ,INE735M01018,27-JUL-2012,10,Basic Materials,Specialty Chemicals,true
SANATHAN,Sanathan Textiles Limited,NSE,EQ,INE0JPD01013,27-DEC-2024,10,Consumer Cyclical,Textile Manufacturing,true
SANDESH,The Sandesh Limited,NSE,EQ,INE583B01015,26-NOV-2002,10,Communication Services,Publishing,true
SANDHAR,Sandhar Technologies Limited,NSE,EQ,INE278H01035,02-APR-2018,10,Consumer Cyclical,Auto Parts,true
SANDUMA,Sandur Manganese & Iron Ores Limited,NSE,EQ,INE149K01016,07-SEP-2023,10,Basic Materials,Steel,true
SANGAMIND,Sangam (India) Limited,NSE,EQ,INE495C01010,17-JUL-1996,10,Consumer Cyclical,Textile Manufacturing,true
SANGHVIMOV,Sanghvi Movers Limited,NSE,EQ,INE989A01032,24-JAN-2007,1,Industrials,Rental & Leasing Services,true
SANGINITA,Sanginita Chemicals Limited,NSE,BE,INE753W01010,15-JUL-2019,10,Basic Materials,Chemicals,true
SANOFI,Sanofi India Limited,NSE,EQ,INE058A01010,19-MAY-2003,10,Healthcare,Drug Manufacturers - General,true
SANOFICONR,Sanofi Consumer Healthcare India Limited,NSE,EQ,INE0UOS01011,13-SEP-2024,10,Healthcare,Drug Manufacturers - General,true
SANSERA,Sansera Engineering Limited,NSE,EQ,INE953O01021,24-SEP-2021,2,Consumer Cyclical,Auto Parts,true
SANSTAR,Sanstar Limited,NSE,EQ,INE08NE01025,26-JUL-2024,2,Basic Materials,Chemicals,true
SANWARIA,Sanwaria Consumer Limited,NSE,BZ,INE890C01046,27-MAR-2006,1,Consumer Defensive,Farm Products,true
SAPPHIRE,Sapphire Foods India Limited,NSE,EQ,INE806T01020,18-NOV-2021,2,Consumer Cyclical,Restaurants,true
SAPPL,Shree Ajit Pulp & Paper Limited,NSE,EQ,INE185C01017,20-APR-2026,10,Basic Materials,Paper & Paper Products,true
SARDAEN,Sarda Energy & Minerals Limited,NSE,EQ,INE385C01021,03-DEC-2009,1,Basic Materials,Steel,true
SAREGAMA,Saregama India Limited,NSE,EQ,INE979A01025,30-JUL-1997,1,Communication Services,Entertainment,true
SARLAPOLY,Sarla Performance Fibers Limited,NSE,EQ,INE453D01025,19-JAN-2007,1,Consumer Cyclical,Textile Manufacturing,true
SARVESHWAR,Sarveshwar Foods Limited,NSE,EQ,INE324X01026,08-DEC-2022,1,Consumer Defensive,Packaged Foods,true
SASKEN,Sasken Technologies Limited,NSE,EQ,INE231F01020,09-SEP-2005,10,Technology,Information Technology Services,true
SATIA,Satia Industries Limited,NSE,EQ,INE170E01023,17-JUL-2019,1,Basic Materials,Paper & Paper Products,true
SATIN,Satin Creditcare Network Limited,NSE,EQ,INE836B01017,26-AUG-2015,10,Financial Services,Credit Services,true
SAURASHCEM,Saurashtra Cement Limited,NSE,EQ,INE626A01014,27-FEB-2024,10,Basic Materials,Building Materials,true
SAYAJIHOTL,Sayaji Hotels Limited,NSE,EQ,INE318C01014,20-APR-2026,10,Consumer Cyclical,Lodging,true
SAYAJIIND,Sayaji Industries Limited,NSE,EQ,INE327G01032,17-AUG-2026,5,Consumer Defensive,Farm Products,true
SBC,SBC Exports Limited,NSE,EQ,INE04AK01028,23-NOV-2021,1,Industrials,Conglomerates,true
SBCL,Shivalik Bimetal Controls Limited,NSE,EQ,INE386D01027,24-JUN-2021,2,Industrials,Metal Fabrication,true
SBFC,SBFC Finance Limited,NSE,EQ,INE423Y01016,16-AUG-2023,10,Financial Services,Credit Services,true
SBGLP,Suratwwala Business Group Limited,NSE,EQ,INE05ST01028,10-FEB-2023,1,Real Estate,Real Estate - Development,true
SBICARD,SBI Cards and Payment Services Limited,NSE,EQ,INE018E01016,16-MAR-2020,10,Financial Services,Credit Services,true
SBIFUNDS,SBI Funds Management Limited,NSE,EQ,INE640G01020,21-JUL-2026,1,Financial Services,Asset Management,true
SBILIFE,SBI Life Insurance Company Limited,NSE,EQ,INE123W01016,03-OCT-2017,10,Financial Services,Insurance - Life,true
SBIN,State Bank of India,NSE,EQ,INE062A01020,01-MAR-1995,1,Financial Services,Banks - Regional,true
SCANSTL,Scan Steels Limited,NSE,BE,INE099G01011,20-APR-2026,10,Basic Materials,Steel,true
SCHAEFFLER,Schaeffler India Limited,NSE,EQ,INE513A01022,29-NOV-2000,2,Consumer Cyclical,Auto Parts,true
SCHAND,S Chand And Company Limited,NSE,EQ,INE807K01035,09-MAY-2017,5,Communication Services,Publishing,true
SCHNEIDER,Schneider Electric Infrastructure Limited,NSE,EQ,INE839M01018,20-MAR-2012,2,Industrials,Electrical Equipment & Parts,true
SCI,Shipping Corporation Of India Limited,NSE,EQ,INE109A01011,13-AUG-1997,10,Industrials,Marine Shipping,true
SCILAL,Shipping Corporation of India Land and Assets Limited,NSE,EQ,INE0PB301013,19-MAR-2024,10,Real Estate,Real Estate Services,true
SCODATUBES,Scoda Tubes Limited,NSE,EQ,INE090501011,04-JUN-2025,10,Basic Materials,Steel,true
SCPL,Sheetal Cool Products Limited,NSE,BE,INE501Y01019,22-NOV-2022,10,Consumer Defensive,Packaged Foods,true
SDBL,Som Distilleries & Breweries Limited,NSE,EQ,INE480C01038,18-MAR-2014,2,Consumer Defensive,Beverages - Brewers,true
SEAMECLTD,Seamec Limited,NSE,EQ,INE497B01018,28-JUN-1995,10,Industrials,Marine Shipping,true
SECMARK,SecMark Consultancy Limited,NSE,EQ,INE0BTM01013,16-OCT-2023,10,Industrials,Consulting Services,true
SECURKLOUD,SECUREKLOUD TECHNOLOGIES LIMITED,NSE,EQ,INE650K01021,29-JAN-2014,5,Technology,Software - Application,true
SEDEMAC,SEDEMAC Mechatronics Limited,NSE,EQ,INE00XB01019,11-MAR-2026,10,Consumer Cyclical,Auto Parts,true
SEIL,Shanti Educational Initiatives Limited,NSE,EQ,INE440T01028,20-APR-2026,1,Consumer Defensive,Education & Training Services,true
SEJALLTD,Sejal Glass Limited,NSE,EQ,INE955I01044,13-DEC-2021,10,Industrials,Building Products & Equipment,true
SEKURITIND,Saint Gobain Sekurit India Limited,NSE,EQ,INE068B01017,17-AUG-2026,10,Consumer Cyclical,Auto Parts,true
SELMC,SEL Manufacturing Company Limited,NSE,EQ,INE105I01020,26-OCT-2021,10,Consumer Cyclical,Textile Manufacturing,true
SEMAC,Semac Construction Limited,NSE,EQ,INE617A01013,11-AUG-2005,10,Industrials,Engineering & Construction,true
SENCO,Senco Gold Limited,NSE,EQ,INE602W01027,14-JUL-2023,5,Consumer Cyclical,Luxury Goods,true
SENORES,Senores Pharmaceuticals Limited,NSE,EQ,INE0RB801010,30-DEC-2024,10,Healthcare,Drug Manufacturers - General,true
SEPC,SEPC Limited,NSE,EQ,INE964H01014,20-FEB-2008,10,Industrials,Engineering & Construction,true
SERVOTECH,Servotech Renewable Power System Limited,NSE,EQ,INE782X01033,02-SEP-2021,1,Industrials,Electrical Equipment & Parts,true
SESHAPAPER,Seshasayee Paper and Boards Limited,NSE,EQ,INE630A01024,29-MAR-1995,2,Basic Materials,Paper & Paper Products,true
SETCO,Setco Automotive Limited,NSE,BE,INE878E01021,01-JUL-2016,2,Consumer Cyclical,Auto Parts,true
SETL,Standard Engineering Technology Limited,NSE,EQ,INE0M4D01010,13-JAN-2025,10,Industrials,Specialty Industrial Machinery,true
SETUINFRA,Setubandhan Infrastructure Limited,NSE,BZ,INE023M01027,04-OCT-2011,1,Industrials,Engineering & Construction,true
SEYAIND,Seya Industries Limited,NSE,BE,INE573R01012,11-JUL-2019,10,Basic Materials,Specialty Chemicals,true
SFL,Sheela Foam Limited,NSE,EQ,INE916U01025,09-DEC-2016,5,Consumer Cyclical,"Furnishings, Fixtures & Appliances",true
SGFIN,SG Finserve Limited,NSE,EQ,INE618R01015,05-AUG-2025,10,Financial Services,Capital Markets,true
SGIL,Synergy Green Industries Limited,NSE,EQ,INE00QT01015,28-JUL-2021,10,Industrials,Metal Fabrication,true
SGL,STL Global Limited,NSE,EQ,INE353H01010,10-APR-2006,10,Consumer Cyclical,Textile Manufacturing,true
SGLRES,SGL Resources Limited,NSE,EQ,INE967B01028,17-AUG-2026,2,Technology,Software - Application,true
SGMART,SG Mart Limited,NSE,EQ,INE385F01024,12-SEP-2025,1,Industrials,Industrial Distribution,true
SGRL,Shree Ganesh Remedies Limited,NSE,EQ,INE414Y01015,17-AUG-2026,10,Healthcare,Drug Manufacturers - Specialty & Generic,true
SHADOWFAX,Shadowfax Technologies Limited,NSE,EQ,INE12UN01015,28-JAN-2026,10,Industrials,Integrated Freight & Logistics,true
SHAH,Shah Metacorp Limited,NSE,EQ,INE482J01021,27-OCT-2010,1,Basic Materials,Steel,true
SHAHALLOYS,Shah Alloys Limited,NSE,EQ,INE640C01011,16-JUN-2005,10,Basic Materials,Steel,true
SHAILY,Shaily Engineering Plastics Limited,NSE,EQ,INE151G01028,04-APR-2022,2,Basic Materials,Specialty Chemicals,true
SHAKTIPUMP,Shakti Pumps (India) Limited,NSE,EQ,INE908D01010,29-JAN-2015,10,Industrials,Specialty Industrial Machinery,true
SHALBY,Shalby Limited,NSE,EQ,INE597J01018,15-DEC-2017,10,Healthcare,Medical Care Facilities,true
SHALPAINTS,Shalimar Paints Limited,NSE,BE,INE849C01026,03-MAR-2008,2,Basic Materials,Specialty Chemicals,true
SHANKARA,Shankara Building Products Limited,NSE,EQ,INE274V01019,05-APR-2017,10,Consumer Cyclical,Home Improvement Retail,true
SHANKESH,Shankesh Jewellers Limited,NSE,EQ,INE1WFC01025,25-AUG-2026,5,Consumer Cyclical,Luxury Goods,true
SHANTI,Shanti Overseas (India) Limited,NSE,EQ,INE933X01016,16-SEP-2021,10,Consumer Defensive,Farm Products,true
SHANTIGEAR,Shanthi Gears Limited,NSE,EQ,INE631A01022,17-JAN-1996,1,Industrials,Specialty Industrial Machinery,true
SHANTIGOLD,Shanti Gold International Limited,NSE,EQ,INE06ZD01017,01-AUG-2025,10,Consumer Cyclical,Luxury Goods,true
SHARDACROP,Sharda Cropchem Limited,NSE,EQ,INE221J01015,23-SEP-2014,10,Basic Materials,Agricultural Inputs,true
SHARDAMOTR,Sharda Motor Industries Limited,NSE,EQ,INE597I01028,03-SEP-2015,2,Consumer Cyclical,Auto Parts,true
SHARDUL,Shardul Securities Limited,NSE,BE,INE037B01020,20-APR-2026,2,Financial Services,Capital Markets,true
SHAREINDIA,Share India Securities Limited,NSE,EQ,INE932X01026,21-SEP-2020,2,Financial Services,Capital Markets,true
SHBAJRG,Shri Bajrang Alliance Limited,NSE,EQ,INE402H01015,20-APR-2026,10,Basic Materials,Steel,true
SHEKHAWATI,Shekhawati Industries Limited,NSE,BE,INE268L01046,12-JAN-2011,10,Consumer Cyclical,Textile Manufacturing,true
SHEMAROO,Shemaroo Entertainment Limited,NSE,BE,INE363M01019,01-OCT-2014,10,Communication Services,Entertainment,true
SHERVANI,Shervani Industrial Syndicate Limited,NSE,EQ,INE011D01013,17-AUG-2026,10,Real Estate,Real Estate - Development,true
SHILCTECH,Shilchar Technologies Limited,NSE,EQ,INE024F01011,24-NOV-2025,10,Industrials,Electrical Equipment & Parts,true
SHILGRAVQ,Shilp Gravures Limited,NSE,EQ,INE960A01017,17-AUG-2026,10,Industrials,Specialty Industrial Machinery,true
SHILPAMED,Shilpa Medicare Limited,NSE,EQ,INE790G01031,03-DEC-2009,1,Healthcare,Drug Manufacturers - Specialty & Generic,true
SHINDL,Sharat Industries Limited,NSE,EQ,INE220Z01013,20-APR-2026,10,Consumer Defensive,Farm Products,true
SHIPROCKET,Shiprocket Limited,NSE,EQ,INE0FOO01011,19-AUG-2026,10,Technology,Software - Application,true
SHIVAAGRO,Shiva Global Agro Industries Limited,NSE,EQ,INE960E01019,17-AUG-2026,10,Basic Materials,Agricultural Inputs,true
SHIVACEM,Shiva Cement Limited,NSE,EQ,INE555C01029,17-AUG-2026,2,Basic Materials,Building Materials,true
SHIVALIK,Shivalik Rasayan Limited,NSE,BE,INE788J01021,09-DEC-2021,5,Basic Materials,Agricultural Inputs,true
SHIVAMAUTO,Shivam Autotech Limited,NSE,BE,INE637H01024,21-NOV-2006,2,Consumer Cyclical,Auto Parts,true
SHIVAMILLS,Shiva Mills Limited,NSE,EQ,INE644Y01017,26-FEB-2018,10,Consumer Cyclical,Textile Manufacturing,true
SHIVATEX,Shiva Texyarn Limited,NSE,EQ,INE705C01020,26-DEC-2017,10,Consumer Cyclical,Textile Manufacturing,true
SHIVAUM,Shiv Aum Steels Limited,NSE,EQ,INE719F01016,14-NOV-2025,10,Basic Materials,Steel,true
SHK,S H Kelkar and Company Limited,NSE,EQ,INE500L01026,16-NOV-2015,10,Basic Materials,Specialty Chemicals,true
SHOPERSTOP,Shoppers Stop Limited,NSE,EQ,INE498B01024,23-MAY-2005,5,Consumer Cyclical,Department Stores,true
SHRADDHA,Shraddha Prime Projects Limited,NSE,EQ,INE311M01018,17-AUG-2026,10,Real Estate,Real Estate - Development,true
SHRADHA,Shradha Realty Limited,NSE,EQ,INE715Y01031,22-OCT-2020,2,Real Estate,Real Estate - Development,true
SHREDIGCEM,Shree Digvijay Cement Co.Ltd,NSE,EQ,INE232A01011,28-JAN-2020,10,Basic Materials,Building Materials,true
SHREECEM,SHREE CEMENT LIMITED,NSE,EQ,INE070A01015,26-APR-1995,10,Basic Materials,Building Materials,true
SHREEJISPG,Shreeji Shipping Global Limited,NSE,EQ,INE1B6101010,26-AUG-2025,10,Industrials,Marine Shipping,true
SHREEPUSHK,Shree Pushkar Chemicals & Fertilisers Limited,NSE,EQ,INE712K01011,10-SEP-2015,10,Basic Materials,Specialty Chemicals,true
SHREERAMA,Shree Rama Multi-Tech Limited,NSE,EQ,INE879A01019,13-MAR-2000,5,Consumer Cyclical,Packaging & Containers,true
SHRENIK,Shrenik Limited,NSE,BZ,INE632X01030,02-AUG-2019,1,Basic Materials,Paper & Paper Products,true
SHREYANIND,Shreyans Industries Limited,NSE,EQ,INE231C01019,06-NOV-1996,10,Basic Materials,Paper & Paper Products,true
SHRIKRISH,Shri Krishna Devcon Limited,NSE,EQ,INE997I01012,20-APR-2026,10,,,true
SHRINGARMS,Shringar House of Mangalsutra Limited,NSE,EQ,INE1B3L01017,17-SEP-2025,10,Consumer Cyclical,Luxury Goods,true
SHRIPISTON,SPR Auto Technologies Limited,NSE,EQ,INE526E01018,02-JUN-2016,10,Consumer Cyclical,Auto Parts,true
SHRIRAMFIN,Shriram Finance Limited,NSE,EQ,INE721A01047,11-DEC-1996,2,Financial Services,Credit Services,true
SHRIRAMPPS,Shriram Properties Limited,NSE,EQ,INE217L01019,20-DEC-2021,10,Real Estate,Real Estate - Development,true
SHRJAGP,Shri Jagdamba Polymers Limited,NSE,EQ,INE564J01026,17-AUG-2026,1,Consumer Cyclical,Textile Manufacturing,true
SHUKRAPHAR,Shukra Pharmaceuticals Limited,NSE,EQ,INE551C01044,14-AUG-2026,1,Healthcare,Drug Manufacturers - Specialty & Generic,true
SHYAMCENT,Shyam Century Ferrous Limited,NSE,BE,INE979R01011,28-JUL-2015,1,Basic Materials,Steel,true
SHYAMMETL,Shyam Metalics and Energy Limited,NSE,EQ,INE810G01011,24-JUN-2021,10,Basic Materials,Steel,true
SHYAMTEL,Shyam Telecom Limited,NSE,EQ,INE635A01023,06-NOV-2006,10,Technology,Communication Equipment,true
SICAGEN,Sicagen India Limited,NSE,EQ,INE176J01011,20-APR-2026,10,Basic Materials,Steel,true
SICALLOG,Sical Logistics Limited,NSE,BE,INE075B01020,12-OCT-2023,10,Industrials,Integrated Freight & Logistics,true
SIEL,Superior Industrial Enterprises Limited,NSE,EQ,INE843L01012,17-AUG-2026,10,Consumer Cyclical,Packaging & Containers,true
SIEMENS,Siemens Limited,NSE,EQ,INE003A01024,06-SEP-1995,2,Industrials,Specialty Industrial Machinery,true
SIGACHI,Sigachi Industries Limited,NSE,EQ,INE0D0K01022,15-NOV-2021,1,Healthcare,Drug Manufacturers - Specialty & Generic,true
SIGIND,Signet Industries Limited,NSE,BE,INE529F01035,29-AUG-2018,10,Industrials,Conglomerates,true
SIGMA,Sigma Solve Limited,NSE,EQ,INE0A0S01028,09-JUN-2023,1,Technology,Information Technology Services,true
SIGMAADV,SIGMA ADVANCED SYSTEMS LIMITED,NSE,BE,INE933B01012,19-JUL-2007,10,Industrials,Aerospace & Defense,true
SIGNATURE,Signatureglobal (India) Limited,NSE,EQ,INE903U01023,27-SEP-2023,1,Real Estate,Real Estate - Development,true
SIGNPOST,Signpost India Limited,NSE,EQ,INE0KGZ01021,14-FEB-2024,2,Communication Services,Advertising Agencies,true
SIKA,Sika Interplant Systems Limited,NSE,EQ,INE438E01032,20-APR-2026,2,Industrials,Aerospace & Defense,true
SIKKO,Sikko Industries Limited,NSE,BE,INE112X01025,22-OCT-2021,1,Basic Materials,Agricultural Inputs,true
SIL,Standard Industries Limited,NSE,EQ,INE173A01025,27-JAN-2004,5,Consumer Cyclical,Textile Manufacturing,true
SILGO,Silgo Retail Limited,NSE,EQ,INE01II01013,03-MAR-2021,10,Consumer Cyclical,Luxury Goods,true
SILINV,SIL Investments Limited,NSE,EQ,INE923A01015,22-MAY-1996,10,Financial Services,Asset Management,true
SILLYMONKS,Silly Monks Entertainment Limited,NSE,EQ,INE203Y01012,08-JUL-2020,10,Communication Services,Entertainment,true
SILVERTUC,Silver Touch Technologies Limited,NSE,EQ,INE625X01026,12-MAY-2022,2,Technology,Information Technology Services,true
SIMBHALS,Simbhaoli Sugars Limited,NSE,BZ,INE748T01016,14-MAR-2016,10,Consumer Defensive,Confectioners,true
SIMPLEXINF,Simplex Infrastructures Limited,NSE,EQ,INE059B01024,09-MAR-2004,2,Industrials,Engineering & Construction,true
SIMPLXREA,Simplex Realty Limited,NSE,EQ,INE167H01014,17-AUG-2026,10,Real Estate,Real Estate - Development,true
SINCLAIR,Sinclairs Hotels Limited,NSE,EQ,INE985A01022,10-APR-2024,2,Consumer Cyclical,Lodging,true
SINDHUTRAD,Sindhu Trade Links Limited,NSE,EQ,INE325D01025,20-JUN-2023,1,Industrials,Conglomerates,true
SINGERIND,Singer India Limited,NSE,EQ,INE638A01035,19-MAR-2026,2,,,true
SINTERCOM,Sintercom India Limited,NSE,EQ,INE129Z01016,07-OCT-2020,10,Consumer Cyclical,Auto Parts,true
SIRCA,Sirca Paints India Limited,NSE,EQ,INE792Z01011,22-JUL-2019,10,Basic Materials,Specialty Chemicals,true
SIS,SIS LIMITED,NSE,EQ,INE285J01028,10-AUG-2017,5,Industrials,Security & Protection Services,true
SITINET,Siti Networks Limited,NSE,BZ,INE965H01011,10-JAN-2007,1,Communication Services,Entertainment,true
SIYSIL,Siyaram Silk Mills Limited,NSE,EQ,INE076B01028,29-JAN-2007,2,Consumer Cyclical,Textile Manufacturing,true
SJS,S.J.S. Enterprises Limited,NSE,EQ,INE284S01014,15-NOV-2021,10,Consumer Cyclical,Auto Parts,true
SJVN,SJVN Limited,NSE,EQ,INE002L01015,20-MAY-2010,10,Utilities,Utilities - Renewable,true
SKFINDIA,SKF India Limited,NSE,EQ,INE640A01023,27-JAN-1999,10,Industrials,Tools & Accessories,true
SKFINDUS,SKF India (Industrial) Limited,NSE,EQ,INE2J8701016,05-DEC-2025,10,Industrials,Tools & Accessories,true
SKIPPER,Skipper Limited,NSE,EQ,INE439E01022,27-MAY-2015,1,Industrials,Engineering & Construction,true
SKMEGGPROD,SKM Egg Products Export (India) Limited,NSE,EQ,INE411D01023,14-MAR-1997,5,Consumer Defensive,Packaged Foods,true
SKYGOLD,SKY GOLD AND DIAMONDS LIMITED,NSE,EQ,INE01IU01018,06-JAN-2023,10,Consumer Cyclical,Luxury Goods,true
SMARTLINK,Smartlink Holdings Limited,NSE,BE,INE178C01020,11-APR-2001,2,Technology,Communication Equipment,true
SMARTWORKS,Smartworks Coworking Spaces Limited,NSE,EQ,INE0NAZ01010,17-JUL-2025,10,Real Estate,Real Estate Services,true
SMCGLOBAL,SMC Global Securities Limited,NSE,EQ,INE103C01036,24-FEB-2021,2,Financial Services,Capital Markets,true
SMLMAH,SML Mahindra Limited,NSE,EQ,INE294B01019,29-AUG-2003,10,Consumer Cyclical,Auto Manufacturers,true
SMLT,Sarthak Metals Limited,NSE,EQ,INE017W01010,25-NOV-2021,10,Industrials,Metal Fabrication,true
SMSPHARMA,SMS Pharmaceuticals Limited,NSE,EQ,INE812G01025,28-FEB-2007,1,Healthcare,Drug Manufacturers - General,true
SNOWMAN,Snowman Logistics Limited,NSE,EQ,INE734N01019,12-SEP-2014,10,Industrials,Integrated Freight & Logistics,true
SOBHA,Sobha Limited,NSE,EQ,INE671H01015,20-DEC-2006,10,Real Estate,Real Estate - Development,true
SOFTTECH,Softtech Engineers Limited,NSE,EQ,INE728Z01015,25-FEB-2022,10,Technology,Software - Application,true
SOLARA,Solara Active Pharma Sciences Limited,NSE,EQ,INE624Z01016,27-JUN-2018,10,Healthcare,Drug Manufacturers - Specialty & Generic,true
SOLARINDS,Solar Industries India Limited,NSE,EQ,INE343H01029,03-APR-2006,2,Basic Materials,Specialty Chemicals,true
SOLARWORLD,Solarworld Energy Solutions Limited,NSE,EQ,INE0TY101024,30-SEP-2025,5,Technology,Solar,true
SOLEX,Solex Energy Limited,NSE,EQ,INE880Y01017,08-OCT-2025,10,Technology,Solar,true
SOMANYCERA,Somany Ceramics Limited,NSE,EQ,INE355A01028,22-NOV-1995,2,Industrials,Building Products & Equipment,true
SOMATEX,Soma Textiles & Industries Limited,NSE,EQ,INE314C01013,14-AUG-1996,10,Consumer Cyclical,Textile Manufacturing,true
SOMICONVEY,Somi Conveyor Beltings Limited,NSE,EQ,INE323J01019,18-JUL-2016,10,Industrials,Specialty Industrial Machinery,true
SONACOMS,Sona BLW Precision Forgings Limited,NSE,EQ,INE073K01018,24-JUN-2021,10,Consumer Cyclical,Auto Parts,true
SONAL,Sonal Mercantile Limited,NSE,EQ,INE321M01017,20-APR-2026,10,Financial Services,Credit Services,true
SONAMLTD,SONAM LIMITED,NSE,EQ,INE00LM01029,07-APR-2022,5,Consumer Cyclical,"Furnishings, Fixtures & Appliances",true
SONATSOFTW,Sonata Software Limited,NSE,EQ,INE269A01021,28-JUL-1999,1,Technology,Information Technology Services,true
SOTL,Savita Oil Technologies Limited,NSE,EQ,INE035D01020,28-JUN-1995,2,Basic Materials,Specialty Chemicals,true
SOUTHBANK,The South Indian Bank Limited,NSE,EQ,INE683A01023,08-DEC-1998,1,Financial Services,Banks - Regional,true
SOUTHWEST,South West Pinnacle Exploration Limited,NSE,EQ,INE980Y01015,18-APR-2019,10,Energy,Oil & Gas Equipment & Services,true
SPAL,S. P. Apparels Limited,NSE,EQ,INE212I01016,12-AUG-2016,10,Consumer Cyclical,Apparel Manufacturing,true
SPANDANA,Spandana Sphoorty Financial Limited,NSE,EQ,INE572J01011,19-AUG-2019,10,Financial Services,Credit Services,true
SPARC,Sun Pharma Advanced Research Company Limited,NSE,EQ,INE232I01014,18-JUL-2007,1,Healthcare,Drug Manufacturers - Specialty & Generic,true
SPCENET,Spacenet Enterprises India Limited,NSE,EQ,INE970N01027,10-JAN-2017,1,Financial Services,Capital Markets,true
SPECIALITY,Speciality Restaurants Limited,NSE,BE,INE247M01014,30-MAY-2012,10,Consumer Cyclical,Restaurants,true
SPECTRUM,Spectrum Electrical Industries Limited,NSE,BE,INE01EO01010,28-MAR-2025,10,Industrials,Electrical Equipment & Parts,true
SPELS,SPEL Semiconductor Limited,NSE,EQ,INE252A01019,17-AUG-2026,10,Technology,Semiconductors,true
SPENCERS,Spencer's Retail Limited,NSE,EQ,INE020801028,25-JAN-2019,5,Consumer Cyclical,Department Stores,true
SPIC,Southern Petrochemicals Industries Corporation  Limited,NSE,EQ,INE147A01011,10-JAN-1996,10,Basic Materials,Agricultural Inputs,true
SPLIL,SPL Industries Limited,NSE,EQ,INE978G01016,26-JUL-2005,10,Consumer Cyclical,Apparel Manufacturing,true
SPLPETRO,Supreme Petrochem Limited,NSE,EQ,INE663A01033,24-MAY-2022,2,Basic Materials,Specialty Chemicals,true
SPMLINFRA,SPML Infra Limited,NSE,EQ,INE937A01023,14-FEB-1996,2,Industrials,Engineering & Construction,true
SPORTKING,Sportking India Limited,NSE,EQ,INE885H01029,24-AUG-2022,1,Consumer Cyclical,Textile Manufacturing,true
SRD,Shankar Lal Rampal Dye-Chem Limited,NSE,EQ,INE01NE01012,09-OCT-2024,10,Basic Materials,Specialty Chemicals,true
SREEL,Sreeleathers Limited,NSE,EQ,INE099F01013,01-JAN-2014,10,Consumer Cyclical,Footwear & Accessories,true
SRF,SRF Limited,NSE,EQ,INE647A01010,18-AUG-2003,10,Industrials,Conglomerates,true
SRGHFL,SRG Housing Finance Limited,NSE,EQ,INE559N01010,21-AUG-2023,10,Financial Services,Mortgage Finance,true
SRHHYPOLTD,Sree Rayalaseema Hi-Strength Hypo Limited,NSE,EQ,INE917H01012,08-MAY-2007,10,Basic Materials,Chemicals,true
SRIKPRIND,Sri KPR Industries Limited,NSE,EQ,INE009C01019,17-AUG-2026,10,Industrials,Building Products & Equipment,true
SRM,SRM Contractors Limited,NSE,EQ,INE0R6Z01013,03-APR-2024,10,Industrials,Engineering & Construction,true
SRTL,Shree Ram Twistex Limited,NSE,EQ,INE19GK01015,02-MAR-2026,10,Consumer Cyclical,Textile Manufacturing,true
SSDL,Saraswati Saree Depot Limited,NSE,EQ,INE0PQ101010,20-AUG-2024,10,Consumer Cyclical,Apparel Retail,true
SSWL,Steel Strips Wheels Limited,NSE,EQ,INE802C01033,06-JUN-2005,1,Consumer Cyclical,Auto Parts,true
STALLION,Stallion India Fluorochemicals Limited,NSE,BE,INE0RYC01010,23-JAN-2025,10,Basic Materials,Specialty Chemicals,true
STANLEY,Stanley Lifestyles Limited,NSE,EQ,INE01A001028,28-JUN-2024,2,Consumer Cyclical,"Furnishings, Fixtures & Appliances",true
STAR,Strides Pharma Science Limited,NSE,EQ,INE939A01011,02-FEB-2000,10,Healthcare,Drug Manufacturers - Specialty & Generic,true
STARCEMENT,Star Cement Limited,NSE,EQ,INE460H01021,16-JUN-2017,1,Basic Materials,Building Materials,true
STARHEALTH,Star Health and Allied Insurance Company Limited,NSE,EQ,INE575P01011,10-DEC-2021,10,Financial Services,Insurance - Life,true
STARPAPER,Star Paper Mills Limited,NSE,EQ,INE733A01018,13-SEP-1995,10,Basic Materials,Paper & Paper Products,true
STARTECK,Starteck Finance Limited,NSE,EQ,INE992I01013,04-MAY-2022,10,Financial Services,Credit Services,true
STCINDIA,The State Trading Corporation of India Limited,NSE,EQ,INE655A01013,01-APR-2003,10,Industrials,Conglomerates,true
STEELCAS,Steelcast Limited,NSE,EQ,INE124E01038,23-NOV-2021,1,Basic Materials,Steel,true
STEELCITY,Steel City Securities Limited,NSE,EQ,INE395H01011,27-JUN-2019,10,Financial Services,Capital Markets,true
STEELXIND,STEEL EXCHANGE INDIA LIMITED,NSE,EQ,INE503B01021,20-JUL-2017,1,Basic Materials,Steel,true
STEL,Stel Holdings Limited,NSE,EQ,INE577L01016,09-FEB-2011,10,Financial Services,Asset Management,true
STERTOOLS,Sterling Tools Limited,NSE,BE,INE334A01023,02-FEB-2006,2,Industrials,Tools & Accessories,true
STLNETWORK,STL Networks Limited,NSE,EQ,INE1VXE01018,04-SEP-2025,2,Communication Services,Telecom Services,true
STLSTRINF,Steel Strips Infrastructures Limited,NSE,EQ,INE205F01016,17-AUG-2026,10,Real Estate,Real Estate Services,true
STLTECH,Sterlite Technologies Limited,NSE,BE,INE089C01029,08-DEC-2000,2,Technology,Communication Equipment,true
STOVEKRAFT,Stove Kraft Limited,NSE,EQ,INE00IN01015,05-FEB-2021,10,Consumer Cyclical,"Furnishings, Fixtures & Appliances",true
STUDDS,Studds Accessories Limited,NSE,EQ,INE00Q601028,07-NOV-2025,5,Consumer Cyclical,Auto Parts,true
STYL,Seshaasai Technologies Limited,NSE,EQ,INE04VU01023,30-SEP-2025,10,Technology,Software - Infrastructure,true
STYLAMIND,Stylam Industries Limited,NSE,EQ,INE239C01020,02-AUG-2021,5,Consumer Cyclical,"Furnishings, Fixtures & Appliances",true
STYLEBAAZA,Baazar Style Retail Limited,NSE,EQ,INE01FR01028,06-SEP-2024,5,Consumer Cyclical,Apparel Retail,true
STYRENIX,Styrenix Performance Materials Limited,NSE,EQ,INE189B01011,29-MAR-1995,10,Basic Materials,Chemicals,true
SUBEXLTD,Subex Limited,NSE,EQ,INE754A01055,05-NOV-2020,5,Technology,Software - Application,true
SUBROS,Subros Limited,NSE,EQ,INE287B01021,13-JUL-2005,2,Consumer Cyclical,Auto Parts,true
SUDARCOLOR,Sudarshan Colorants India Limited,NSE,EQ,INE492A01029,14-JUN-1995,10,Basic Materials,Specialty Chemicals,true
SUDARSCHEM,Sudarshan Chemical Industries Limited,NSE,EQ,INE659A01023,25-MAY-1995,2,Basic Materials,Specialty Chemicals,true
SUDEEPPHRM,Sudeep Pharma Limited,NSE,EQ,INE0QPI01025,28-NOV-2025,1,Healthcare,Drug Manufacturers - Specialty & Generic,true
SUKHJITS,Sukhjit Starch & Chemicals Limited,NSE,EQ,INE450E01029,07-NOV-2022,5,Basic Materials,Specialty Chemicals,true
SULA,Sula Vineyards Limited,NSE,EQ,INE142Q01026,22-DEC-2022,2,Consumer Defensive,Beverages - Wineries & Distilleries,true
SUMEDHA,Sumedha Fiscal Services Limited,NSE,EQ,INE886B01012,17-AUG-2026,10,Financial Services,Capital Markets,true
SUMEETINDS,Sumeet Industries Limited,NSE,EQ,INE235C01036,10-DEC-2010,2,Consumer Cyclical,Textile Manufacturing,true
SUMICHEM,Sumitomo Chemical India Limited,NSE,EQ,INE258G01013,27-JAN-2020,10,Basic Materials,Agricultural Inputs,true
SUMIT,Sumit Woods Limited,NSE,EQ,INE748Z01013,30-JUL-2019,10,Real Estate,Real Estate - Development,true
SUMMITSEC,Summit Securities Limited,NSE,EQ,INE519C01017,28-JAN-2011,10,Financial Services,Capital Markets,true
SUNCLAY,Sundaram Clayton Limited,NSE,EQ,INE0Q3R01026,29-DEC-2023,5,Industrials,Metal Fabrication,true
SUNDARAM,Sundaram Multi Pap Limited,NSE,EQ,INE108E01023,02-JUN-2010,1,Basic Materials,Paper & Paper Products,true
SUNDARMFIN,Sundaram Finance Limited,NSE,EQ,INE660A01013,07-JAN-1998,10,Financial Services,Credit Services,true
SUNDRMBRAK,Sundaram Brake Linings Limited,NSE,BE,INE073D01013,17-JUL-1996,10,Consumer Cyclical,Auto Parts,true
SUNDRMFAST,Sundram Fasteners Limited,NSE,EQ,INE387A01021,07-JUN-2000,1,Consumer Cyclical,Auto Parts,true
SUNDROP,Sundrop Brands Limited,NSE,EQ,INE209A01019,06-DEC-2002,10,Consumer Defensive,Packaged Foods,true
SUNFLAG,Sunflag Iron And Steel Company Limited,NSE,EQ,INE947A01014,29-SEP-2005,10,Basic Materials,Steel,true
SUNLOC,Sunil Healthcare Limited,NSE,EQ,INE671C01016,17-AUG-2026,10,Healthcare,Drug Manufacturers - Specialty & Generic,true
SUNPHARMA,Sun Pharmaceutical Industries Limited,NSE,EQ,INE044A01036,08-FEB-1995,1,Healthcare,Drug Manufacturers - Specialty & Generic,true
SUNRAKSHAK,Sunrakshakk Industries India Limited,NSE,EQ,INE671K01027,17-AUG-2026,2,Consumer Cyclical,Textile Manufacturing,true
SUNSHIEL,Sunshield Chemicals Limited,NSE,EQ,INE199E01014,17-AUG-2026,10,Basic Materials,Specialty Chemicals,true
SUNSHINE,Sunshine Pictures Limited,NSE,EQ,INE1B3O01011,25-AUG-2026,10,Communication Services,Entertainment,true
SUNTECK,Sunteck Realty Limited,NSE,EQ,INE805D01034,13-NOV-2009,1,Real Estate,Real Estate - Development,true
SUNTV,Sun TV Network Limited,NSE,EQ,INE424H01027,24-APR-2006,5,Communication Services,Broadcasting,true
SUPERHOUSE,Superhouse Limited,NSE,EQ,INE712B01010,26-SEP-2014,10,Consumer Cyclical,Footwear & Accessories,true
SUPERSPIN,Super Spinning Mills Limited,NSE,BE,INE662A01027,08-JUL-2004,1,Consumer Cyclical,Textile Manufacturing,true
SUPRAJIT,Suprajit Engineering Limited,NSE,EQ,INE399C01030,18-FEB-2005,1,Consumer Cyclical,Auto Parts,true
SUPREME,Supreme Holdings & Hospitality (India) Limited,NSE,EQ,INE822E01011,03-FEB-2025,10,Real Estate,Real Estate - Development,true
SUPREMEENG,Supreme Engineering Limited,NSE,BZ,INE319Z01021,04-DEC-2020,1,Basic Materials,Steel,true
SUPREMEIND,Supreme Industries Limited,NSE,EQ,INE195A01028,19-JUL-1995,2,Industrials,Building Products & Equipment,true
SUPREMEINF,Supreme Infrastructure India Limited,NSE,EQ,INE550H01011,18-OCT-2007,10,Industrials,Engineering & Construction,true
SUPRIYA,Supriya Lifescience Limited,NSE,EQ,INE07RO01027,28-DEC-2021,2,Healthcare,Biotechnology,true
SUPTANERY,Super Tannery Limited,NSE,BE,INE460D01038,17-AUG-2026,1,Consumer Cyclical,Footwear & Accessories,true
SURAJEST,Suraj Estate Developers Limited,NSE,EQ,INE843S01025,26-DEC-2023,5,Real Estate,Real Estate - Development,true
SURAJLTD,Suraj Limited,NSE,EQ,INE713C01016,29-AUG-2024,10,Basic Materials,Steel,true
SURAKSHA,Suraksha Diagnostic Limited,NSE,EQ,INE877V01027,06-DEC-2024,2,Healthcare,Diagnostics & Research,true
SURANASOL,Surana Solar Limited,NSE,EQ,INE272L01022,07-JAN-2011,5,Technology,Solar,true
SURANAT&P,Surana Telecom and Power Limited,NSE,EQ,INE130B01031,22-MAY-2002,1,Utilities,Utilities - Independent Power Producers,true
SURYALA,Suryalata Spinning Mills Limited,NSE,EQ,INE132C01027,20-APR-2026,10,Consumer Cyclical,Textile Manufacturing,true
SURYALAXMI,Suryalakshmi Cotton Mills Limited,NSE,EQ,INE713B01026,15-JUN-2005,10,Consumer Cyclical,Textile Manufacturing,true
SURYAROSNI,Surya Roshni Limited,NSE,EQ,INE335A01020,10-MAY-1995,5,Basic Materials,Steel,true
SURYODAY,Suryoday Small Finance Bank Limited,NSE,EQ,INE428Q01011,26-MAR-2021,10,Financial Services,Banks - Regional,true
SUTLEJTEX,Sutlej Textiles and Industries Limited,NSE,BE,INE645H01027,14-DEC-2006,1,Consumer Cyclical,Textile Manufacturing,true
SUVEN,Suven Life Sciences Limited,NSE,EQ,INE495B01038,23-OCT-2003,1,Healthcare,Drug Manufacturers - Specialty & Generic,true
SUVIDHAA,Suvidhaa Infoserve Limited,NSE,EQ,INE018401013,31-MAR-2021,1,Technology,Information Technology Services,true
SUYOG,Suyog Telematics Limited,NSE,EQ,INE442P01014,20-AUG-2024,10,Communication Services,Telecom Services,true
SUZLON,Suzlon Energy Limited,NSE,EQ,INE040H01021,19-OCT-2005,2,Industrials,Specialty Industrial Machinery,true
SVGLOBAL,S V Global Mill Limited,NSE,EQ,INE159L01013,17-AUG-2026,5,Real Estate,Real Estate Services,true
SVLL,Shree Vasu Logistics Limited,NSE,BE,INE00CE01017,21-APR-2023,10,Industrials,Trucking,true
SVPGLOB,SVP GLOBAL TEXTILES LIMITED,NSE,EQ,INE308E01029,14-JUL-2021,1,Consumer Cyclical,Textile Manufacturing,true
SWANCORP,SWAN CORP LIMITED,NSE,EQ,INE665A01038,29-MAY-2012,1,Industrials,Conglomerates,true
SWANDEF,Swan Defence and Heavy Industries Limited,NSE,BE,INE542F01020,20-JAN-2025,10,Industrials,Aerospace & Defense,true
SWARAJ,Swaraj Suiting Limited,NSE,BE,INE0GMR01016,13-AUG-2026,10,Consumer Cyclical,Textile Manufacturing,true
SWARAJENG,Swaraj Engines Limited,NSE,EQ,INE277A01016,06-DEC-1995,10,Consumer Cyclical,Auto Parts,true
SWARNSAR,Swarnsarita Jewels India Limited,NSE,EQ,INE967A01012,17-AUG-2026,10,Consumer Cyclical,Luxury Goods,true
SWELECTES,Swelect Energy Systems Limited,NSE,EQ,INE409B01013,09-MAY-2006,10,Technology,Solar,true
SWIGGY,Swiggy Limited,NSE,EQ,INE00H001014,13-NOV-2024,1,Consumer Cyclical,Internet Retail,true
SWISSMLTRY,Swiss Military Consumer Goods Limited,NSE,EQ,INE010C01025,17-AUG-2026,2,Consumer Cyclical,Apparel Manufacturing,true
SWSOLAR,Sterling and Wilson Renewable Energy Limited,NSE,EQ,INE00M201021,20-AUG-2019,1,Technology,Solar,true
SYMPHONY,Symphony Limited,NSE,EQ,INE225D01027,15-JUN-2011,2,Consumer Cyclical,"Furnishings, Fixtures & Appliances",true
SYNCOMF,Syncom Formulations (India) Limited,NSE,EQ,INE312C01025,18-NOV-2022,1,Healthcare,Drug Manufacturers - Specialty & Generic,true
SYNGENE,Syngene International Limited,NSE,EQ,INE398R01022,11-AUG-2015,10,Healthcare,Diagnostics & Research,true
SYRMA,Syrma SGS Technology Limited,NSE,EQ,INE0DYJ01015,26-AUG-2022,10,Technology,Electronic Components,true
SYSTMTXC,Systematix Corporate Services Limited,NSE,BE,INE356B01024,06-OCT-2025,1,Financial Services,Capital Markets,true
TAALTECH,Taal Tech Limited,NSE,EQ,INE524T01011,20-APR-2026,10,Industrials,Airports & Air Services,true
TAINWALCHM,Tainwala Chemical and Plastic (I) Limited,NSE,EQ,INE123C01018,27-JUL-1995,10,Basic Materials,Specialty Chemicals,true
TAJGVK,Taj GVK Hotels & Resorts Limited,NSE,EQ,INE586B01026,20-DEC-2000,2,Consumer Cyclical,Lodging,true
TAKE,TAKE Limited,NSE,EQ,INE142I01023,27-AUG-2007,1,Healthcare,Health Information Services,true
TALBROAUTO,Talbros Automotive Components Limited,NSE,EQ,INE187D01029,29-SEP-2006,2,Consumer Cyclical,Auto Parts,true
TAMBOLIIN,Tamboli Industries Limited,NSE,BE,INE864J01012,20-APR-2026,10,Industrials,Metal Fabrication,true
TANAA,Taneja Aerospace & Aviation Limited,NSE,EQ,INE692C01020,17-AUG-2026,5,,,true
TANLA,Tanla Platforms Limited,NSE,EQ,INE483C01032,05-JAN-2007,1,Technology,Software - Application,true
TARACHAND,Tara Chand InfraLogistic Solutions Limited,NSE,EQ,INE555Z01020,16-APR-2024,2,Industrials,Farm & Heavy Construction Machinery,true
TARAPUR,Tarapur Transformers Limited,NSE,EQ,INE747K01017,18-MAY-2010,10,Industrials,Specialty Industrial Machinery,true
TARC,TARC Limited,NSE,EQ,INE0EK901012,18-DEC-2020,2,Real Estate,Real Estate - Development,true
TARIL,Transformers And Rectifiers (India) Limited,NSE,EQ,INE763I01026,28-DEC-2007,1,Industrials,Electrical Equipment & Parts,true
TARMAT,Tarmat Limited,NSE,EQ,INE924H01018,09-JUL-2007,10,Industrials,Engineering & Construction,true
TARSONS,Tarsons Products Limited,NSE,EQ,INE144Z01023,26-NOV-2021,2,Healthcare,Medical Instruments & Supplies,true
TASTYBITE,Tasty Bite Eatables Limited,NSE,EQ,INE488B01017,23-MAR-2017,10,Consumer Defensive,Packaged Foods,true
TATACAP,Tata Capital Limited,NSE,EQ,INE976I01016,13-OCT-2025,10,Financial Services,Credit Services,true
TATACHEM,Tata Chemicals Limited,NSE,EQ,INE092A01019,01-APR-1999,10,Basic Materials,Chemicals,true
TATACOMM,Tata Communications Limited,NSE,EQ,INE151A01013,12-APR-1995,10,Communication Services,Telecom Services,true
TATACONSUM,TATA CONSUMER PRODUCTS LIMITED,NSE,EQ,INE192A01025,18-NOV-1998,1,Consumer Defensive,Packaged Foods,true
TATAELXSI,Tata Elxsi Limited,NSE,EQ,INE670A01012,17-SEP-2003,10,Technology,Software - Application,true
TATAINVEST,Tata Investment Corporation Limited,NSE,EQ,INE672A01026,24-JUN-1998,1,Financial Services,Asset Management,true
TATAPOWER,Tata Power Company Limited,NSE,EQ,INE245A01021,03-APR-1996,1,Utilities,Utilities - Independent Power Producers,true
TATASTEEL,Tata Steel Limited,NSE,EQ,INE081A01020,18-NOV-1998,1,Basic Materials,Steel,true
TATATECH,Tata Technologies Limited,NSE,EQ,INE142M01025,30-NOV-2023,2,Technology,Information Technology Services,true
TATVA,Tatva Chintan Pharma Chem Limited,NSE,EQ,INE0GK401011,29-JUL-2021,10,Basic Materials,Specialty Chemicals,true
TBOTEK,TBO Tek Limited,NSE,EQ,INE673O01025,15-MAY-2024,1,Consumer Cyclical,Travel Services,true
TBZ,Tribhovandas Bhimji Zaveri Limited,NSE,EQ,INE760L01018,09-MAY-2012,10,Consumer Cyclical,Luxury Goods,true
TCC,TCC Concept Limited,NSE,EQ,INE887D01016,25-FEB-2026,10,,,true
TCI,Transport Corporation of India Limited,NSE,EQ,INE688A01022,21-JAN-2002,2,Industrials,Integrated Freight & Logistics,true
TCIEXP,TCI Express Limited,NSE,EQ,INE586V01016,15-DEC-2016,2,Industrials,Integrated Freight & Logistics,true
TCIFINANCE,TCI Finance Limited,NSE,BE,INE911B01018,21-MAY-1997,10,Financial Services,Credit Services,true
TCPLPACK,TCPL Packaging Limited,NSE,EQ,INE822C01015,17-OCT-2017,10,Consumer Cyclical,Packaging & Containers,true
TCS,Tata Consultancy Services Limited,NSE,EQ,INE467B01029,25-AUG-2004,1,Technology,Information Technology Services,true
TDPOWERSYS,TD Power Systems Limited,NSE,EQ,INE419M01035,08-SEP-2011,1,Industrials,Specialty Industrial Machinery,true
TEAMGTY,Team India Guaranty Limited,NSE,EQ,INE289C01025,11-JUN-2002,10,Financial Services,Asset Management,true
TEAMLEASE,Teamlease Services Limited,NSE,EQ,INE985S01024,12-FEB-2016,10,Industrials,Staffing & Employment Services,true
TECHM,Tech Mahindra Limited,NSE,EQ,INE669C01036,28-AUG-2006,5,Technology,Information Technology Services,true
TECHNOCRAF,Technocraft Ventures Limited,NSE,EQ,INE1D0W01018,14-AUG-2026,10,Industrials,Infrastructure Operations,true
TECHNOE,Techno Electric & Engineering Company Limited,NSE,EQ,INE285K01026,04-DEC-2018,2,Industrials,Engineering & Construction,true
TECHNVISN,TechNVision Ventures Limited,NSE,EQ,INE314H01012,20-APR-2026,10,Technology,Software - Application,true
TECILCHEM,TECIL Chemicals and Hydro Power Limited,NSE,EQ,INE014B01011,06-DEC-1995,10,Financial Services,Shell Companies,true
TEGA,Tega Industries Limited,NSE,EQ,INE011K01018,13-DEC-2021,10,Industrials,Specialty Industrial Machinery,true
TEJASNET,Tejas Networks Limited,NSE,EQ,INE010J01012,27-JUN-2017,10,Technology,Communication Equipment,true
TEMBO,Tembo Global Industries Limited,NSE,EQ,INE869Y01028,23-APR-2021,1,Industrials,Metal Fabrication,true
TEMPSENS,Tempsens Instruments (India) Limited,NSE,EQ,INE1KZI01025,28-AUG-2026,4,Technology,Scientific & Technical Instruments,true
TENNIND,Tenneco Clean Air India Limited,NSE,EQ,INE19RI01016,19-NOV-2025,10,Consumer Cyclical,Auto Parts,true
TERAI,Terai Tea Company Limited,NSE,EQ,INE390D01011,17-AUG-2026,10,Consumer Defensive,Farm Products,true
TERASOFT,Tera Software Limited,NSE,EQ,INE482B01010,29-DEC-2016,10,Technology,Information Technology Services,true
TEXINFRA,Texmaco Infrastructure & Holdings Limited,NSE,EQ,INE435C01024,09-SEP-2004,1,Real Estate,Real Estate Services,true
TEXMOPIPES,Texmo Pipes and Products Limited,NSE,EQ,INE141K01013,10-MAR-2010,10,Industrials,Building Products & Equipment,true
TEXRAIL,Texmaco Rail & Engineering Limited,NSE,EQ,INE621L01012,03-MAR-2011,1,Industrials,Railroads,true
TFCILTD,Tourism Finance Corporation of India Limited,NSE,EQ,INE305A01023,26-JUL-2000,2,Financial Services,Credit Services,true
TFL,Transwarranty Finance Limited,NSE,EQ,INE804H01012,26-FEB-2007,10,Financial Services,Mortgage Finance,true
TGBHOTELS,TGB Banquets And Hotels Limited,NSE,EQ,INE797H01018,17-MAY-2007,10,Consumer Cyclical,Lodging,true
TGVSL,TGV Sraac Limited,NSE,EQ,INE284B01028,17-AUG-2026,10,Basic Materials,Chemicals,true
THACKER,Thacker & Company Limited,NSE,BE,INE077P01034,20-APR-2026,1,Financial Services,Asset Management,true
THAKDEV,Thakkers Developers Limited,NSE,EQ,INE403F01017,20-APR-2026,10,Real Estate,Real Estate - Development,true
THANGAMAYL,Thangamayil Jewellery Limited,NSE,EQ,INE085J01014,19-FEB-2010,10,Consumer Cyclical,Luxury Goods,true
THEINVEST,The Investment Trust Of India Limited,NSE,EQ,INE924D01017,02-AUG-2017,10,Financial Services,Capital Markets,true
THEJO,Thejo Engineering Limited,NSE,EQ,INE121N01019,10-OCT-2023,10,Industrials,Specialty Industrial Machinery,true
THELEELA,Leela Palaces Hotels & Resorts Limited,NSE,EQ,INE0AQ201015,02-JUN-2025,10,Consumer Cyclical,Lodging,true
THEMISMED,Themis Medicare Limited,NSE,EQ,INE083B01024,02-APR-2007,1,Healthcare,Drug Manufacturers - Specialty & Generic,true
THERMAX,Thermax Limited,NSE,EQ,INE152A01029,30-AUG-1995,2,Industrials,Conglomerates,true
THOMASCOOK,Thomas Cook  (India)  Limited,NSE,EQ,INE332A01027,07-JUN-2000,1,Consumer Cyclical,Travel Services,true
THOMASCOTT,Thomas Scott (India) Limited,NSE,EQ,INE480M01011,30-JAN-2012,10,Consumer Cyclical,Textile Manufacturing,true
THYROCARE,Thyrocare Technologies Limited,NSE,EQ,INE594H01019,09-MAY-2016,10,Healthcare,Diagnostics & Research,true
TI,Tilaknagar Industries Limited,NSE,EQ,INE133E01013,16-JUL-2010,10,Consumer Defensive,Beverages - Wineries & Distilleries,true
TICL,Twamev Construction and Infrastructure Limited,NSE,BE,INE388G01026,16-OCT-2023,1,Industrials,Engineering & Construction,true
TIGERLOGS,Tiger Logistics (India) Limited,NSE,EQ,INE906O01029,18-SEP-2025,1,Industrials,Integrated Freight & Logistics,true
TIIL,Technocraft Industries (India) Limited,NSE,EQ,INE545H01011,12-FEB-2007,10,Industrials,Tools & Accessories,true
TIINDIA,Tube Investments of India Limited,NSE,EQ,INE974X01010,02-NOV-2017,1,Industrials,Conglomerates,true
TIJARIA,Tijaria Polypipes Limited,NSE,EQ,INE440L01017,14-OCT-2011,10,Industrials,Building Products & Equipment,true
TIL,TIL Limited,NSE,BE,INE806C01018,27-SEP-1995,10,Industrials,Farm & Heavy Construction Machinery,true
TIMETECHNO,Time Technoplast Limited,NSE,EQ,INE508G01029,13-JUN-2007,1,Consumer Cyclical,Packaging & Containers,true
TIMEX,Timex Group India Limited,NSE,EQ,INE064A01026,20-APR-2026,1,Consumer Cyclical,Luxury Goods,true
TIMKEN,Timken India Limited,NSE,EQ,INE325A01013,06-FEB-2007,10,Industrials,Tools & Accessories,true
TINNARUBR,Tinna Rubber and Infrastructure Limited,NSE,EQ,INE015C01016,17-APR-2025,10,Basic Materials,Specialty Chemicals,true
TIPSFILMS,Tips Films Limited,NSE,EQ,INE0LQS01015,06-OCT-2022,10,Communication Services,Entertainment,true
TIPSMUSIC,Tips Music Limited,NSE,EQ,INE716B01029,10-NOV-2000,1,Communication Services,Entertainment,true
TIRUMALCHM,Thirumalai Chemicals Limited,NSE,EQ,INE338A01024,14-MAY-2003,1,Basic Materials,Specialty Chemicals,true
TIRUPATIFL,Tirupati Forge Limited,NSE,BE,INE319Y01024,04-AUG-2020,2,Industrials,Metal Fabrication,true
TITAGARH,TITAGARH RAIL SYSTEMS LIMITED,NSE,EQ,INE615H01020,21-APR-2008,2,Industrials,Railroads,true
TITAN,Titan Company Limited,NSE,EQ,INE280A01028,24-SEP-2004,1,Consumer Cyclical,Luxury Goods,true
TMB,Tamilnad Mercantile Bank Limited,NSE,EQ,INE668A01016,15-SEP-2022,10,Financial Services,Banks - Regional,true
TMCV,Tata Motors Limited,NSE,EQ,INE1TAE01010,12-NOV-2025,2,Consumer Cyclical,Auto Manufacturers,true
TMPV,Tata Motors Passenger Vehicles Limited,NSE,EQ,INE155A01022,22-JUL-1998,2,Consumer Cyclical,Auto Manufacturers,true
TNPETRO,Tamilnadu PetroProducts Limited,NSE,EQ,INE148A01019,27-OCT-1999,10,Basic Materials,Specialty Chemicals,true
TNPL,Tamil Nadu Newsprint & Papers Limited,NSE,EQ,INE107A01015,14-FEB-1996,10,Basic Materials,Paper & Paper Products,true
TNTELE,Tamilnadu Telecommunication Limited,NSE,EQ,INE141D01018,04-FEB-2003,10,Technology,Communication Equipment,true
TOKYOPLAST,Tokyo Plast International Limited,NSE,EQ,INE932C01012,11-OCT-1995,10,Consumer Cyclical,Packaging & Containers,true
TOLINS,Tolins Tyres Limited,NSE,EQ,INE0RWQ01014,16-SEP-2024,5,Consumer Cyclical,Auto Parts,true
TORNTPHARM,Torrent Pharmaceuticals Limited,NSE,EQ,INE685A01028,25-NOV-2002,5,Healthcare,Drug Manufacturers - Specialty & Generic,true
TORNTPOWER,Torrent Power Limited,NSE,EQ,INE813H01021,28-NOV-2006,10,Utilities,Utilities - Independent Power Producers,true
TOTAL,Total Transport Systems Limited,NSE,EQ,INE336X01012,28-AUG-2020,10,Industrials,Integrated Freight & Logistics,true
TOUCHWOOD,Touchwood Entertainment Limited,NSE,EQ,INE486Y01013,21-JAN-2020,10,Communication Services,Advertising Agencies,true
TOYAMSL,Toyam Sports Limited,NSE,EQ,INE457P01020,17-AUG-2026,1,Industrials,Conglomerates,true
TPHQ,Teamo Productions HQ Limited,NSE,BE,INE065J01024,30-JAN-2009,1,Industrials,Engineering & Construction,true
TPLPLASTEH,TPL Plastech Limited,NSE,EQ,INE413G01022,20-MAY-2015,2,Consumer Cyclical,Packaging & Containers,true
TRACXN,Tracxn Technologies Limited,NSE,EQ,INE0HMF01019,20-OCT-2022,1,Technology,Software - Application,true
TRANSCOR,Transcorp International Limited,NSE,EQ,INE330E01023,17-AUG-2026,2,Financial Services,Capital Markets,true
TRANSPEK,Transpek Industry Limited,NSE,BE,INE687A01016,20-APR-2026,10,Basic Materials,Chemicals,true
TRANSRAILL,Transrail Lighting Limited,NSE,EQ,INE454P01035,27-DEC-2024,2,Industrials,Engineering & Construction,true
TRANSWORLD,TRANSWORLD SHIPPING LINES LIMITED,NSE,BE,INE757B01015,01-MAR-1995,10,Industrials,Marine Shipping,true
TRAVELFOOD,Travel Food Services Limited,NSE,EQ,INE103V01028,14-JUL-2025,1,Consumer Cyclical,Restaurants,true
TREEHOUSE,Tree House Education & Accessories Limited,NSE,EQ,INE040M01013,26-AUG-2011,10,Consumer Defensive,Education & Training Services,true
TREJHARA,TREJHARA SOLUTIONS LIMITED,NSE,EQ,INE00CA01015,28-DEC-2018,10,Technology,Software - Application,true
TREL,Transindia Real Estate Limited,NSE,EQ,INE0O3901029,10-AUG-2023,2,Real Estate,Real Estate Services,true
TRENT,Trent Limited,NSE,EQ,INE849A01020,07-JUN-2004,1,Consumer Cyclical,Apparel Retail,true
TRF,TRF Limited,NSE,EQ,INE391D01019,26-MAR-2010,10,Industrials,Specialty Industrial Machinery,true
TRIDENT,Trident Limited,NSE,EQ,INE064C01022,21-FEB-2001,1,Consumer Cyclical,Textile Manufacturing,true
TRIGYN,Trigyn Technologies Limited,NSE,EQ,INE948A01012,09-APR-1998,10,Technology,Information Technology Services,true
TRITONV,Triton Valves Limited,NSE,EQ,INE440G01017,17-AUG-2026,10,Consumer Cyclical,Auto Parts,true
TRITURBINE,Triveni Turbine Limited,NSE,EQ,INE152M01016,28-OCT-2011,1,Industrials,Specialty Industrial Machinery,true
TRIVENI,Triveni Engineering & Industries Limited,NSE,EQ,INE256C01024,13-DEC-2005,1,Consumer Defensive,Confectioners,true
TRU,TruCap Finance Limited,NSE,EQ,INE615R01029,20-JUN-2023,2,Financial Services,Credit Services,true
TRUALT,TruAlt Bioenergy Limited,NSE,EQ,INE0MWH01014,03-OCT-2025,10,Energy,Oil & Gas Refining & Marketing,true
TSFINV,TSF INVESTMENTS LIMITED,NSE,EQ,INE202Z01029,26-MAR-2018,5,Financial Services,Asset Management,true
TTKHLTCARE,TTK Healthcare Limited,NSE,EQ,INE910C01018,02-DEC-2015,10,Healthcare,Drug Manufacturers - General,true
TTKPRESTIG,TTK Prestige Limited,NSE,EQ,INE690A01028,22-DEC-1999,1,Consumer Cyclical,"Furnishings, Fixtures & Appliances",true
TTL,T T Limited,NSE,EQ,INE592B01024,22-FEB-2007,1,Consumer Cyclical,Textile Manufacturing,true
TTML,Tata Teleservices (Maharashtra) Limited,NSE,EQ,INE517B01013,20-OCT-2000,10,Communication Services,Telecom Services,true
TURTLEMINT,Turtlemint Fintech Solutions Limited,NSE,EQ,INE0OC301013,29-JUN-2026,1,Financial Services,Insurance Brokers,true
TUTIALKA,Tuticorin Alkali Chemicals & Fertilizers Limited,NSE,EQ,INE400A01014,17-AUG-2026,10,Basic Materials,Agricultural Inputs,true
TVSELECT,TVS Electronics Limited,NSE,EQ,INE236G01019,26-DEC-2003,10,Technology,Computer Hardware,true
TVSHLTD,TVS Holdings Limited,NSE,EQ,INE105A01035,23-OCT-2012,5,Consumer Cyclical,Auto Parts,true
TVSMOTOR,TVS Motor Company Limited,NSE,EQ,INE494B01023,02-AUG-2000,1,Consumer Cyclical,Auto Manufacturers,true
TVSSCS,TVS Supply Chain Solutions Limited,NSE,EQ,INE395N01027,23-AUG-2023,1,Industrials,Integrated Freight & Logistics,true
TVSSRICHAK,TVS Srichakra Limited,NSE,EQ,INE421C01016,13-FEB-2007,10,Consumer Cyclical,Auto Parts,true
TVTODAY,TV Today Network Limited,NSE,EQ,INE038F01029,16-JAN-2004,5,Communication Services,Broadcasting,true
TVVISION,TV Vision Limited,NSE,BE,INE871L01013,15-SEP-2016,10,Communication Services,Broadcasting,true
UBL,United Breweries Limited,NSE,EQ,INE686F01025,28-JUL-2008,1,Consumer Defensive,Beverages - Brewers,true
UCAL,UCAL LIMITED,NSE,BE,INE139B01016,13-SEP-1995,10,Consumer Cyclical,Auto Parts,true
UCOBANK,UCO Bank,NSE,EQ,INE691A01018,09-OCT-2003,10,Financial Services,Banks - Regional,true
UDAYJEW,Uday Jewellery Industries Limited,NSE,EQ,INE551B01012,17-AUG-2026,10,Consumer Cyclical,Luxury Goods,true
UDS,Updater Services Limited,NSE,EQ,INE851I01011,04-OCT-2023,10,Industrials,Specialty Business Services,true
UEL,Ujaas Energy Limited,NSE,EQ,INE899L01030,16-APR-2024,1,Technology,Solar,true
UFBL,United Foodbrands Limited,NSE,BE,INE382M01027,07-APR-2021,5,Consumer Cyclical,Restaurants,true
UFLEX,UFLEX Limited,NSE,EQ,INE516A01017,23-AUG-1995,10,Consumer Cyclical,Packaging & Containers,true
UFO,UFO Moviez India Limited,NSE,EQ,INE527H01019,14-MAY-2015,10,Communication Services,Entertainment,true
UGARSUGAR,The Ugar Sugar Works Limited,NSE,EQ,INE071E01023,23-AUG-2010,1,Consumer Defensive,Confectioners,true
UGROCAP,Ugro Capital Limited,NSE,EQ,INE583D01011,11-AUG-2021,10,Financial Services,Credit Services,true
UJJIVANSFB,Ujjivan Small Finance Bank Limited,NSE,EQ,INE551W01018,12-DEC-2019,10,Financial Services,Banks - Regional,true
ULTRACEMCO,UltraTech Cement Limited,NSE,EQ,INE481G01011,24-AUG-2004,10,Basic Materials,Building Materials,true
ULTRAMAR,Ultramarine & Pigments Limited,NSE,EQ,INE405A01021,20-APR-2026,2,Basic Materials,Specialty Chemicals,true
UMAEXPORTS,Uma Exports Limited,NSE,BE,INE0GIU01018,07-APR-2022,10,Consumer Defensive,Farm Products,true
UMESLTD,Usha Martin Education & Solutions Limited,NSE,EQ,INE240C01028,12-JUL-2010,1,Consumer Defensive,Education & Training Services,true
UMIYA-MRO,UMIYA BUILDCON LIMITED,NSE,EQ,INE398B01018,01-NOV-2000,5,Real Estate,Real Estate - Development,true
UNICHEMLAB,Unichem Laboratories Limited,NSE,EQ,INE351A01035,07-FEB-2001,2,Healthcare,Drug Manufacturers - Specialty & Generic,true
UNIDT,United Drilling Tools Limited,NSE,BE,INE961D01019,25-SEP-2020,10,Energy,Oil & Gas Equipment & Services,true
UNIECOM,Unicommerce Esolutions Limited,NSE,EQ,INE00U401027,13-AUG-2024,1,Technology,Software - Application,true
UNIENTER,Uniphos Enterprises Limited,NSE,EQ,INE037A01022,23-JAN-2004,2,Basic Materials,Chemicals,true
UNIINFO,Uniinfo Telecom Services Limited,NSE,EQ,INE481Z01011,12-JAN-2022,10,Communication Services,Telecom Services,true
UNIMECH,Unimech Aerospace and Manufacturing Limited,NSE,EQ,INE0U3I01011,31-DEC-2024,5,Industrials,Aerospace & Defense,true
UNIONBANK,Union Bank of India,NSE,EQ,INE692A01016,24-SEP-2002,10,Financial Services,Banks - Regional,true
UNIPARTS,Uniparts India Limited,NSE,EQ,INE244O01017,12-DEC-2022,10,Industrials,Farm & Heavy Construction Machinery,true
UNITDSPR,United Spirits Limited,NSE,EQ,INE854D01024,27-SEP-2001,2,Consumer Defensive,Beverages - Wineries & Distilleries,true
UNITECH,Unitech Limited,NSE,EQ,INE694A01020,08-SEP-1999,2,Real Estate,Real Estate - Diversified,true
UNITEDPOLY,United Polyfab Gujarat Limited,NSE,EQ,INE368U01029,31-DEC-2021,1,Consumer Cyclical,Textile Manufacturing,true
UNITEDTEA,The United Nilgiri Tea Estates Company Limited,NSE,EQ,INE458F01011,28-JAN-2015,10,Consumer Defensive,Farm Products,true
UNIVASTU,Univastu India Limited,NSE,BE,INE562X01013,22-JUN-2020,10,Industrials,Engineering & Construction,true
UNIVCABLES,Universal Cables Limited,NSE,EQ,INE279A01012,17-MAY-1995,10,Industrials,Electrical Equipment & Parts,true
UNIVPHOTO,Universus Photo Imagings Limited,NSE,BE,INE03V001013,14-FEB-2020,10,Healthcare,Medical Devices,true
UNOMINDA,UNO Minda Limited,NSE,EQ,INE405E01023,02-FEB-2007,2,Consumer Cyclical,Auto Parts,true
UPHOT,U P Hotels Limited,NSE,EQ,INE726E01014,17-AUG-2026,10,Consumer Cyclical,Lodging,true
UPL,UPL Limited,NSE,EQ,INE628A01036,23-JAN-2004,2,Basic Materials,Agricultural Inputs,true
URAVIDEF,Uravi Defence and Technology Limited,NSE,BE,INE568Z01015,05-JUL-2023,10,Consumer Cyclical,Auto Parts,true
URBANCO,Urban Company Limited,NSE,EQ,INE0CAZ01013,17-SEP-2025,1,Technology,Software - Application,true
URJA,Urja Global Limited,NSE,EQ,INE550C01020,28-MAR-2017,1,Technology,Solar,true
USHAMART,Usha Martin Limited,NSE,EQ,INE228A01035,11-OCT-2000,1,Basic Materials,Steel,true
USK,Udayshivakumar Infra Limited,NSE,EQ,INE0N0Y01013,03-APR-2023,10,Industrials,Engineering & Construction,true
UTIAMC,UTI Asset Management Company Limited,NSE,EQ,INE094J01016,12-OCT-2020,10,Financial Services,Asset Management,true
UTKARSHBNK,Utkarsh Small Finance Bank Limited,NSE,EQ,INE735W01017,21-JUL-2023,10,Financial Services,Banks - Regional,true
UTLSOLAR,Fujiyama Power Systems Limited,NSE,EQ,INE12UR01024,20-NOV-2025,1,Technology,Solar,true
UTTAMSUGAR,Uttam Sugar Mills Limited,NSE,EQ,INE786F01031,10-APR-2006,10,Consumer Defensive,Confectioners,true
UYFINCORP,U. Y. Fincorp Limited,NSE,BE,INE152C01025,03-OCT-2024,5,Financial Services,Credit Services,true
V2RETAIL,V2 Retail Limited,NSE,EQ,INE945H01021,04-JUL-2007,1,Consumer Cyclical,Apparel Retail,true
VADILALIND,Vadilal Industries Limited,NSE,EQ,INE694D01016,15-JUN-2011,10,Consumer Defensive,Packaged Foods,true
VADILENT,Vadilal Enterprises Limited,NSE,EQ,INE693D01018,17-AUG-2026,10,Consumer Defensive,Food Distribution,true
VAIBHAVGBL,Vaibhav Global Limited,NSE,EQ,INE884A01027,05-APR-2004,2,Consumer Cyclical,Luxury Goods,true
VAISHALI,Vaishali Pharma Limited,NSE,EQ,INE972X01022,15-JAN-2020,2,Healthcare,Drug Manufacturers - Specialty & Generic,true
VAKRANGEE,Vakrangee Limited,NSE,EQ,INE051B01021,03-APR-2006,1,Technology,Information Technology Services,true
VALIANTLAB,Valiant Laboratories Limited,NSE,BE,INE0JWS01017,06-OCT-2023,10,Healthcare,Drug Manufacturers - Specialty & Generic,true
VALIANTORG,Valiant Organics Limited,NSE,BE,INE565V01010,23-JUL-2021,10,Basic Materials,Chemicals,true
VAML,Vedanta Aluminium Metal Limited,NSE,EQ,INE1CDF01017,15-JUN-2026,1,Basic Materials,Aluminum,true
VARDHACRLC,Vardhman Acrylics Limited,NSE,BE,INE116G01013,30-SEP-2003,10,Consumer Cyclical,Textile Manufacturing,true
VARDMNPOLY,Vardhman Polytex Limited,NSE,EQ,INE835A01029,12-MAY-2003,1,Consumer Cyclical,Textile Manufacturing,true
VARROC,Varroc Engineering Limited,NSE,EQ,INE665L01035,06-JUL-2018,1,Consumer Cyclical,Auto Parts,true
VASCONEQ,Vascon Engineers Limited,NSE,EQ,INE893I01013,15-FEB-2010,10,Industrials,Engineering & Construction,true
VASUPRADA,Shri Vasuprada Plantations Limited,NSE,EQ,INE574G01013,17-AUG-2026,10,Consumer Defensive,Farm Products,true
VASWANI,Vaswani Industries Limited,NSE,EQ,INE590L01019,20-SEP-2011,10,Basic Materials,Steel,true
VBL,Varun Beverages Limited,NSE,EQ,INE200M01039,08-NOV-2016,2,Consumer Defensive,Beverages - Non-Alcoholic,true
VCL,Vaxtex Cotfab Limited,NSE,BE,INE098201036,19-APR-2022,1,Consumer Cyclical,Textile Manufacturing,true
VEDAVAAG,VEDAVAAG Systems Limited,NSE,EQ,INE359B01010,17-AUG-2026,10,Technology,Information Technology Services,true
VEDL,Vedanta Limited,NSE,EQ,INE205A01025,13-MAY-1998,1,Basic Materials,Other Industrial Metals & Mining,true
VEDPOWER,Vedanta Power Limited,NSE,EQ,INE694L01019,15-JUN-2026,10,Utilities,Utilities - Independent Power Producers,true
VEEDOL,Veedol Corporation Limited,NSE,EQ,INE484C01030,16-JAN-2007,2,Basic Materials,Specialty Chemicals,true
VELJAN,Veljan Denison Limited,NSE,BE,INE232E01013,20-APR-2026,10,Industrials,Specialty Industrial Machinery,true
VENKEYS,Venky's (India) Limited,NSE,EQ,INE398A01010,28-JUL-2003,10,Consumer Defensive,Farm Products,true
VENTIVE,Ventive Hospitality Limited,NSE,EQ,INE781S01027,30-DEC-2024,1,Consumer Cyclical,Lodging,true
VENUSPIPES,Venus Pipes & Tubes Limited,NSE,EQ,INE0JA001018,24-MAY-2022,10,Basic Materials,Steel,true
VENUSREM,Venus Remedies Limited,NSE,BE,INE411B01019,20-DEC-2006,10,Healthcare,Drug Manufacturers - Specialty & Generic,true
VERANDA,Veranda Learning Solutions Limited,NSE,EQ,INE0IQ001011,11-APR-2022,10,Consumer Defensive,Education & Training Services,true
VERTOZ,Vertoz Limited,NSE,BE,INE188Y01031,14-MAY-2020,10,Technology,Software - Infrastructure,true
VESUVIUS,Vesuvius India Limited,NSE,EQ,INE386A01023,04-OCT-2002,1,Industrials,Specialty Industrial Machinery,true
VETO,Veto Switchgears And Cables Limited,NSE,BE,INE918N01018,29-APR-2015,10,Industrials,Electrical Equipment & Parts,true
VGCL,Vibrant Global Capital Limited,NSE,EQ,INE761Q01015,17-AUG-2026,10,Financial Services,Capital Markets,true
VGL,VARVEE GLOBAL LIMITED,NSE,EQ,INE273D01027,21-NOV-2006,5,Consumer Cyclical,Textile Manufacturing,true
VGUARD,V-Guard Industries Limited,NSE,EQ,INE951I01027,13-MAR-2008,1,Industrials,Electrical Equipment & Parts,true
VHL,Vardhman Holdings Limited,NSE,EQ,INE701A01023,30-JUN-2005,10,Financial Services,Credit Services,true
VHLTD,Viceroy Hotels Limited,NSE,BE,INE048C01025,03-APR-2024,10,Consumer Cyclical,Lodging,true
VIDHIING,Vidhi Specialty Food Ingredients Limited,NSE,EQ,INE632C01026,02-MAR-2016,1,Basic Materials,Specialty Chemicals,true
VIDYAWIRES,Vidya Wires Limited,NSE,EQ,INE14UN01029,10-DEC-2025,1,Industrials,Electrical Equipment & Parts,true
VIJAYA,Vijaya Diagnostic Centre Limited,NSE,EQ,INE043W01024,14-SEP-2021,1,Healthcare,Diagnostics & Research,true
VIJIFIN,Viji Finance Limited,NSE,BE,INE159N01027,11-JUL-2016,1,Financial Services,Credit Services,true
VIJSOLX,Vijay Solvex Limited,NSE,EQ,INE362D01010,17-AUG-2026,10,,,true
VIKASECO,Vikas EcoTech Limited,NSE,EQ,INE806A01020,12-DEC-2011,1,Basic Materials,Specialty Chemicals,true
VIKASLIFE,Vikas Lifecare Limited,NSE,EQ,INE161L01027,08-MAY-2019,1,Consumer Defensive,Farm Products,true
VIKRAMSOLR,Vikram Solar Limited,NSE,EQ,INE078V01014,26-AUG-2025,10,Technology,Solar,true
VIKRAN,Vikran Engineering Limited,NSE,EQ,INE01R501028,03-SEP-2025,1,Industrials,Engineering & Construction,true
VIMTALABS,Vimta Labs Limited,NSE,EQ,INE579C01029,15-DEC-2005,2,Healthcare,Diagnostics & Research,true
VINATIORGA,Vinati Organics Limited,NSE,EQ,INE410B01037,28-JUL-2009,1,Basic Materials,Specialty Chemicals,true
VINCOFE,Vintage Coffee And Beverages Limited,NSE,EQ,INE498Q01014,18-OCT-2024,10,Consumer Defensive,Beverages - Non-Alcoholic,true
VINDHYATEL,Vindhya Telelinks Limited,NSE,EQ,INE707A01012,08-FEB-1995,10,Industrials,Engineering & Construction,true
VINEETLAB,Vineet Laboratories Limited,NSE,EQ,INE505Y01010,15-JUN-2021,10,Basic Materials,Chemicals,true
VINNY,Vinny Overseas Limited,NSE,EQ,INE01KI01027,28-NOV-2022,1,Consumer Cyclical,Textile Manufacturing,true
VINYLINDIA,Vinyl Chemicals (India) Limited,NSE,EQ,INE250B01029,21-JUL-2008,1,Basic Materials,Specialty Chemicals,true
VIPCLOTHNG,VIP Clothing Limited,NSE,EQ,INE450G01024,06-AUG-2007,2,Consumer Cyclical,Apparel Manufacturing,true
VIPIND,VIP Industries Limited,NSE,EQ,INE054A01027,02-MAR-2005,2,Consumer Cyclical,Footwear & Accessories,true
VIPULLTD,Vipul Limited,NSE,BE,INE946H01037,23-APR-2015,1,Real Estate,Real Estate - Diversified,true
VIRAT,Virat Industries Limited,NSE,EQ,INE467D01017,17-AUG-2026,10,Consumer Cyclical,Apparel Manufacturing,true
VIRINCHI,Virinchi Limited,NSE,EQ,INE539B01017,03-MAY-2023,10,Technology,Software - Application,true
VIRTUALG,Virtual Global Education Limited,NSE,EQ,INE247C01023,17-AUG-2026,1,Consumer Defensive,Education & Training Services,true
VISACHROME,VISA Chrome Limited,NSE,EQ,INE286H01012,17-MAR-2006,10,Basic Materials,Steel,true
VISAKAIND,Visaka Industries Limited,NSE,EQ,INE392A01021,28-AUG-1996,2,Industrials,Building Products & Equipment,true
VISHAL,Vishal Fabrics Limited,NSE,EQ,INE755Q01025,17-AUG-2026,5,Consumer Cyclical,Textile Manufacturing,true
VISHNU,Vishnu Chemicals Limited,NSE,EQ,INE270I01022,05-MAR-2015,2,Basic Materials,Specialty Chemicals,true
VISHWARAJ,Vishwaraj Sugar Industries Limited,NSE,EQ,INE430N01022,15-OCT-2019,2,Consumer Defensive,Confectioners,true
VISL,Vedanta Iron and Steel Limited,NSE,EQ,INE1CLE01013,15-JUN-2026,1,Basic Materials,Steel,true
VITAL,Vital Chemtech Limited,NSE,BE,INE0L4K01016,11-MAR-2026,10,Basic Materials,Specialty Chemicals,true
VIVIANA,Viviana Power Tech Limited,NSE,BE,INE0MEG01014,02-JUN-2026,10,Industrials,Engineering & Construction,true
VIVIDHA,Visagar Polytex Limited,NSE,EQ,INE370E01029,21-MAY-2013,1,Consumer Cyclical,Textile Manufacturing,true
VIVIMEDLAB,Vivimed Labs Limited,NSE,BE,INE526G01021,17-AUG-2005,2,Healthcare,Drug Manufacturers - Specialty & Generic,true
VIVOBIOT,Vivo Bio Tech Limited,NSE,EQ,INE380K01017,17-AUG-2026,10,Healthcare,Biotechnology,true
VIYASH,Viyash Scientific Limited,NSE,EQ,INE807F01027,10-MAR-2016,2,Healthcare,Drug Manufacturers - Specialty & Generic,true
VLEGOV,VL E-Governance & IT Solutions Limited,NSE,BE,INE03HW01020,14-AUG-2023,10,Technology,Information Technology Services,true
VLSFINANCE,VLS Finance Limited,NSE,EQ,INE709A01018,25-MAY-1995,10,Financial Services,Capital Markets,true
VMART,V-Mart Retail Limited,NSE,EQ,INE665J01013,20-FEB-2013,10,Consumer Cyclical,Department Stores,true
VMM,Vishal Mega Mart Limited,NSE,EQ,INE01EA01019,18-DEC-2024,10,Consumer Cyclical,Department Stores,true
VMSTMT,VMS TMT Limited,NSE,EQ,INE0SJA01013,24-SEP-2025,10,Basic Materials,Steel,true
VOEPL,Virtuoso Optoelectronics Limited,NSE,EQ,INE0I0T01010,01-JUL-2026,10,Technology,Consumer Electronics,true
VOGL,Vedanta Oil and Gas Limited,NSE,EQ,INE704J01044,15-JUN-2026,1,Basic Materials,Other Industrial Metals & Mining,true
VOITHPAPR,Voith Paper Fabrics India Limited,NSE,EQ,INE285C01015,17-AUG-2026,10,Basic Materials,Paper & Paper Products,true
VOLTAMP,Voltamp Transformers Limited,NSE,EQ,INE540H01012,20-SEP-2006,10,Industrials,Electrical Equipment & Parts,true
VOLTAS,Voltas Limited,NSE,EQ,INE226A01021,12-APR-1995,1,Consumer Cyclical,"Furnishings, Fixtures & Appliances",true
VPRPL,Vishnu Prakash R Punglia Limited,NSE,EQ,INE0AE001013,05-SEP-2023,10,Industrials,Engineering & Construction,true
VRAJ,Vraj Iron and Steel Limited,NSE,EQ,INE0S2V01010,03-JUL-2024,10,Basic Materials,Steel,true
VRLLOG,VRL Logistics Limited,NSE,EQ,INE366I01010,30-APR-2015,10,Industrials,Trucking,true
VSSL,Vardhman Special Steels Limited,NSE,EQ,INE050M01012,17-MAY-2012,10,Basic Materials,Steel,true
VSTIND,VST Industries Limited,NSE,EQ,INE710A01016,05-SEP-2003,10,Consumer Defensive,Tobacco,true
VSTL,Vibhor Steel Tubes Limited,NSE,EQ,INE0QTF01015,20-FEB-2024,10,Basic Materials,Steel,true
VSTTILLERS,V.S.T Tillers Tractors Limited,NSE,EQ,INE764D01017,20-JUN-2011,10,Industrials,Farm & Heavy Construction Machinery,true
VTL,Vardhman Textiles Limited,NSE,EQ,INE825A01020,14-JAN-2003,2,Consumer Cyclical,Textile Manufacturing,true
VTMLTD,VTM Limited,NSE,EQ,INE222F01029,17-AUG-2026,1,Consumer Cyclical,Textile Manufacturing,true
WAAREEENER,Waaree Energies Limited,NSE,EQ,INE377N01017,28-OCT-2024,10,Technology,Solar,true
WAAREEINDO,Indosolar Limited,NSE,EQ,INE866K01023,29-SEP-2010,10,Technology,Solar,true
WAAREERTL,Waaree Renewable Technologies Limited,NSE,EQ,INE299N01021,09-APR-2025,2,Industrials,Engineering & Construction,true
WABAG,VA Tech Wabag Limited,NSE,EQ,INE956G01038,13-OCT-2010,2,Industrials,Engineering & Construction,true
WAKEFIT,Wakefit Innovations Limited,NSE,EQ,INE0E7301029,15-DEC-2025,1,Consumer Cyclical,"Furnishings, Fixtures & Appliances",true
WALCHANNAG,Walchandnagar Industries Limited,NSE,EQ,INE711A01022,18-SEP-1996,2,Industrials,Engineering & Construction,true
WANBURY,Wanbury Limited,NSE,EQ,INE107F01022,29-JAN-2007,10,Healthcare,Drug Manufacturers - Specialty & Generic,true
WARDINMOBI,Wardwizard Innovations & Mobility Limited,NSE,EQ,INE945P01024,17-AUG-2026,1,Consumer Cyclical,Auto Manufacturers,true
WATERBASE,Waterbase Limited,NSE,EQ,INE054C01015,17-AUG-2026,10,Consumer Defensive,Packaged Foods,true
WCIL,Western Carriers (India) Limited,NSE,EQ,INE0CJF01024,24-SEP-2024,5,Industrials,Integrated Freight & Logistics,true
WEALTH,Wealth First Portfolio Managers Limited,NSE,EQ,INE658T01017,20-JAN-2021,10,Financial Services,Capital Markets,true
WEBELSOLAR,Websol Energy System Limited,NSE,EQ,INE855C01023,15-MAY-2007,1,Technology,Solar,true
WEIZMANIND,Weizmann Limited,NSE,EQ,INE080A01014,10-MAY-1995,10,Consumer Cyclical,Textile Manufacturing,true
WEL,Wonder Electricals Limited,NSE,EQ,INE02WG01024,17-JAN-2022,1,Consumer Cyclical,"Furnishings, Fixtures & Appliances",true
WELCORP,Welspun Corp Limited,NSE,EQ,INE191B01025,24-MAY-2005,5,Basic Materials,Steel,true
WELENT,Welspun Enterprises Limited,NSE,EQ,INE625G01013,04-NOV-2004,10,Industrials,Engineering & Construction,true
WELINV,Welspun Investments and Commercials Limited,NSE,BE,INE389K01018,20-SEP-2010,10,Financial Services,Capital Markets,true
WELSPLSOL,Welspun Specialty Solutions Limited,NSE,EQ,INE731F01037,20-APR-2026,6,Basic Materials,Steel,true
WELSPUNLIV,Welspun Living Limited,NSE,EQ,INE192B01031,04-DEC-2003,1,Consumer Cyclical,Textile Manufacturing,true
WENDT,Wendt (India) Limited,NSE,EQ,INE274C01019,07-AUG-2006,10,Industrials,Tools & Accessories,true
WESTLIFE,WESTLIFE FOODWORLD LIMITED,NSE,EQ,INE274F01020,05-JUN-2023,2,Consumer Cyclical,Restaurants,true
WEWIN,WE WIN LIMITED,NSE,EQ,INE082W01014,15-JUN-2022,10,Technology,Information Technology Services,true
WEWORK,WeWork India Management Limited,NSE,EQ,INE085001019,10-OCT-2025,10,Real Estate,Real Estate Services,true
WHBRADY,WH Brady & Company Limited,NSE,EQ,INE855A01019,17-AUG-2026,10,Industrials,Industrial Distribution,true
WHEELS,Wheels India Limited,NSE,EQ,INE715A01015,07-APR-2000,10,Consumer Cyclical,Auto Parts,true
WHIRLPOOL,Whirlpool of India Limited,NSE,EQ,INE716A01013,06-APR-2010,10,Consumer Cyclical,"Furnishings, Fixtures & Appliances",true
WILLAMAGOR,Williamson Magor & Company Limited,NSE,EQ,INE210A01017,08-FEB-1995,10,Financial Services,Credit Services,true
WINDLAS,Windlas Biotech Limited,NSE,EQ,INE0H5O01029,16-AUG-2021,5,Healthcare,Drug Manufacturers - Specialty & Generic,true
WINDMACHIN,Windsor Machines Limited,NSE,EQ,INE052A01021,17-AUG-2011,2,Industrials,Specialty Industrial Machinery,true
WIPL,The Western India Plywoods Limited,NSE,EQ,INE215F01023,17-APR-2017,10,Basic Materials,Lumber & Wood Production,true
WIPRO,Wipro Limited,NSE,EQ,INE075A01022,08-NOV-1995,2,Technology,Information Technology Services,true
WOCKPHARMA,Wockhardt Limited,NSE,EQ,INE049B01025,23-FEB-2000,5,Healthcare,Drug Manufacturers - Specialty & Generic,true
WONDERLA,Wonderla Holidays Limited,NSE,EQ,INE066O01014,09-MAY-2014,10,Consumer Cyclical,Leisure,true
WORTHPERI,Worth Peripherals Limited,NSE,EQ,INE196Y01018,04-AUG-2020,10,Consumer Cyclical,Packaging & Containers,true
WPIL,WPIL Limited,NSE,EQ,INE765D01022,20-APR-2026,1,Industrials,Specialty Industrial Machinery,true
WSI,W S Industries (I) Limited,NSE,EQ,INE100D01014,01-AUG-2007,10,Industrials,Engineering & Construction,true
WSTCSTPAPR,West Coast Paper Mills Limited,NSE,EQ,INE976A01021,17-JAN-2001,2,Basic Materials,Paper & Paper Products,true
XCHANGING,Xchanging Solutions Limited,NSE,EQ,INE692G01013,09-MAR-2005,10,Technology,Information Technology Services,true
XELPMOC,Xelpmoc Design And Tech Limited,NSE,EQ,INE01P501012,04-FEB-2019,10,Technology,Information Technology Services,true
XPROINDIA,Xpro India Limited,NSE,EQ,INE445C01015,27-APR-2004,10,Basic Materials,Specialty Chemicals,true
XTGLOBAL,Xtglobal Infotech Limited,NSE,EQ,INE547B01028,16-SEP-2024,1,Technology,Software - Application,true
XTRANET,Xtranet Technologies Limited,NSE,EQ,INE0NG701011,30-JUL-2026,10,Technology,Information Technology Services,true
YASHO,Yasho Industries Limited,NSE,EQ,INE616Z01012,21-AUG-2023,10,Basic Materials,Specialty Chemicals,true
YATHARTH,Yatharth Hospital & Trauma Care Services Limited,NSE,EQ,INE0JO301016,07-AUG-2023,10,Healthcare,Medical Care Facilities,true
YATRA,Yatra Online Limited,NSE,EQ,INE0JR601024,28-SEP-2023,1,Consumer Cyclical,Travel Services,true
YESBANK,Yes Bank Limited,NSE,EQ,INE528G01035,12-JUL-2005,2,Financial Services,Banks - Regional,true
YOGI,Yogi Limited,NSE,EQ,INE290E01011,17-AUG-2026,10,Real Estate,Real Estate - Development,true
YUKEN,Yuken India Limited,NSE,EQ,INE384C01016,02-SEP-2021,10,Industrials,Specialty Industrial Machinery,true
ZAGGLE,Zaggle Prepaid Ocean Services Limited,NSE,EQ,INE07K301024,22-SEP-2023,1,Technology,Software - Infrastructure,true
ZEEL,Zee Entertainment Enterprises Limited,NSE,EQ,INE256A01028,09-SEP-1998,1,Communication Services,Broadcasting,true
ZEELEARN,Zee Learn Limited,NSE,BE,INE565L01011,20-DEC-2010,1,Consumer Defensive,Education & Training Services,true
ZEEMEDIA,Zee Media Corporation Limited,NSE,EQ,INE966H01019,10-JAN-2007,1,Communication Services,Broadcasting,true
ZENITHEXPO,Zenith Exports Limited,NSE,EQ,INE058B01018,10-JUL-1996,10,Consumer Cyclical,Textile Manufacturing,true
ZENITHSTL,Zenith Steel Pipes & Industries Limited,NSE,EQ,INE318D01020,30-APR-2007,10,Basic Materials,Steel,true
ZENSARTECH,Zensar Technologies Limited,NSE,EQ,INE520A01027,09-JUL-2003,2,Technology,Information Technology Services,true
ZENTEC,Zen Technologies Limited,NSE,EQ,INE251B01027,30-MAR-2015,1,Industrials,Aerospace & Defense,true
ZFCVINDIA,ZF Commercial Vehicle Control Systems India Limited,NSE,EQ,INE342J01019,01-OCT-2008,5,Consumer Cyclical,Auto Parts,true
ZFSTEERING,ZF Steering Gear (India) Limited,NSE,EQ,INE116C01012,20-APR-2026,10,Consumer Cyclical,Auto Parts,true
ZIMLAB,Zim Laboratories Limited,NSE,EQ,INE518E01015,25-NOV-2022,10,Healthcare,Drug Manufacturers - Specialty & Generic,true
ZODIAC,Zodiac Energy Limited,NSE,EQ,INE761Y01019,14-DEC-2021,10,,,true
ZODIACLOTH,Zodiac Clothing Company Limited,NSE,EQ,INE206B01013,27-SEP-1995,10,Consumer Cyclical,Apparel Manufacturing,true
ZOTA,Zota Health Care LImited,NSE,EQ,INE358U01012,19-AUG-2019,10,Healthcare,Biotechnology,true
ZSARACOM,Saraswati Commercial India Limited,NSE,EQ,INE967G01019,20-APR-2026,10,Financial Services,Asset Management,true
ZUARI,Zuari Agro Chemicals Limited,NSE,EQ,INE840M01016,27-NOV-2012,10,Basic Materials,Agricultural Inputs,true
ZUARIIND,ZUARI INDUSTRIES LIMITED,NSE,EQ,INE217A01012,12-APR-1995,10,Industrials,Conglomerates,true
ZYDUSLIFE,Zydus Lifesciences Limited,NSE,EQ,INE010B01027,18-APR-2000,1,Healthcare,Drug Manufacturers - Specialty & Generic,true
ZYDUSWELL,Zydus Wellness Limited,NSE,EQ,INE768C01028,13-NOV-2009,2,Consumer Defensive,Packaged Foods,true
